Normal-3.png,Normal-3.png
Normal-432.png,Normal-432.png
Viral Pneumonia-388.png,Viral Pneumonia-388.png
COVID-82.png,COVID-82.png
COVID-499.png,COVID-499.png
COVID-424.png,COVID-424.png
COVID-2.png,COVID-2.png
Lung_Opacity-662.png,Lung_Opacity-662.png
Lung_Opacity-153.png,Lung_Opacity-153.png
Lung_Opacity-278.png,Lung_Opacity-278.png
Lung_Opacity-483.png,Lung_Opacity-483.png
Lung_Opacity-138.png,Lung_Opacity-138.png
COVID-69.png,COVID-69.png
Viral Pneumonia-123.png,Viral Pneumonia-123.png
Lung_Opacity-673.png,Lung_Opacity-673.png
Viral Pneumonia-73.png,Viral Pneumonia-73.png
COVID-367.png,COVID-367.png
COVID-47.png,COVID-47.png
Lung_Opacity-354.png,Lung_Opacity-354.png
Viral Pneumonia-12.png,Viral Pneumonia-12.png
Lung_Opacity-454.png,Lung_Opacity-454.png
Viral Pneumonia-624.png,Viral Pneumonia-624.png
COVID-52.png,COVID-52.png
COVID-342.png,COVID-342.png
COVID-334.png,COVID-334.png
Normal-681.png,Normal-681.png
COVID-600.png,COVID-600.png
Lung_Opacity-491.png,Lung_Opacity-491.png
Normal-64.png,Normal-64.png
Lung_Opacity-9.png,Lung_Opacity-9.png
Lung_Opacity-583.png,Lung_Opacity-583.png
Viral Pneumonia-629.png,Viral Pneumonia-629.png
Normal-362.png,Normal-362.png
Viral Pneumonia-263.png,Viral Pneumonia-263.png
COVID-331.png,COVID-331.png
COVID-130.png,COVID-130.png
Viral Pneumonia-459.png,Viral Pneumonia-459.png
Viral Pneumonia-343.png,Viral Pneumonia-343.png
Lung_Opacity-52.png,Lung_Opacity-52.png
COVID-153.png,COVID-153.png
COVID-323.png,COVID-323.png
Lung_Opacity-508.png,Lung_Opacity-508.png
Lung_Opacity-111.png,Lung_Opacity-111.png
Viral Pneumonia-453.png,Viral Pneumonia-453.png
Viral Pneumonia-573.png,Viral Pneumonia-573.png
Lung_Opacity-677.png,Lung_Opacity-677.png
Viral Pneumonia-72.png,Viral Pneumonia-72.png
Lung_Opacity-620.png,Lung_Opacity-620.png
Normal-421.png,Normal-421.png
COVID-80.png,COVID-80.png
Normal-554.png,Normal-554.png
COVID-359.png,COVID-359.png
Viral Pneumonia-143.png,Viral Pneumonia-143.png
COVID-23.png,COVID-23.png
Viral Pneumonia-322.png,Viral Pneumonia-322.png
Lung_Opacity-75.png,Lung_Opacity-75.png
COVID-217.png,COVID-217.png
COVID-198.png,COVID-198.png
Viral Pneumonia-673.png,Viral Pneumonia-673.png
Viral Pneumonia-502.png,Viral Pneumonia-502.png
Viral Pneumonia-368.png,Viral Pneumonia-368.png
Lung_Opacity-35.png,Lung_Opacity-35.png
COVID-49.png,COVID-49.png
Normal-227.png,Normal-227.png
COVID-233.png,COVID-233.png
COVID-425.png,COVID-425.png
Lung_Opacity-266.png,Lung_Opacity-266.png
COVID-570.png,COVID-570.png
COVID-341.png,COVID-341.png
Viral Pneumonia-373.png,Viral Pneumonia-373.png
Normal-299.png,Normal-299.png
Normal-680.png,Normal-680.png
Lung_Opacity-195.png,Lung_Opacity-195.png
Normal-435.png,Normal-435.png
COVID-15.png,COVID-15.png
Viral Pneumonia-438.png,Viral Pneumonia-438.png
Viral Pneumonia-121.png,Viral Pneumonia-121.png
Viral Pneumonia-258.png,Viral Pneumonia-258.png
Viral Pneumonia-475.png,Viral Pneumonia-475.png
Lung_Opacity-84.png,Lung_Opacity-84.png
Viral Pneumonia-525.png,Viral Pneumonia-525.png
Lung_Opacity-206.png,Lung_Opacity-206.png
Normal-91.png,Normal-91.png
COVID-176.png,COVID-176.png
COVID-272.png,COVID-272.png
Viral Pneumonia-167.png,Viral Pneumonia-167.png
Viral Pneumonia-347.png,Viral Pneumonia-347.png
Lung_Opacity-512.png,Lung_Opacity-512.png
Viral Pneumonia-401.png,Viral Pneumonia-401.png
Lung_Opacity-448.png,Lung_Opacity-448.png
Normal-448.png,Normal-448.png
Lung_Opacity-415.png,Lung_Opacity-415.png
COVID-305.png,COVID-305.png
Viral Pneumonia-36.png,Viral Pneumonia-36.png
Normal-373.png,Normal-373.png
Viral Pneumonia-595.png,Viral Pneumonia-595.png
Normal-573.png,Normal-573.png
Viral Pneumonia-616.png,Viral Pneumonia-616.png
Normal-422.png,Normal-422.png
Lung_Opacity-608.png,Lung_Opacity-608.png
Viral Pneumonia-139.png,Viral Pneumonia-139.png
Normal-256.png,Normal-256.png
COVID-192.png,COVID-192.png
COVID-347.png,COVID-347.png
Normal-365.png,Normal-365.png
Viral Pneumonia-110.png,Viral Pneumonia-110.png
Lung_Opacity-560.png,Lung_Opacity-560.png
Normal-164.png,Normal-164.png
Lung_Opacity-307.png,Lung_Opacity-307.png
COVID-473.png,COVID-473.png
Viral Pneumonia-218.png,Viral Pneumonia-218.png
Lung_Opacity-643.png,Lung_Opacity-643.png
Lung_Opacity-313.png,Lung_Opacity-313.png
Lung_Opacity-503.png,Lung_Opacity-503.png
Lung_Opacity-564.png,Lung_Opacity-564.png
Viral Pneumonia-414.png,Viral Pneumonia-414.png
Lung_Opacity-654.png,Lung_Opacity-654.png
Viral Pneumonia-593.png,Viral Pneumonia-593.png
COVID-572.png,COVID-572.png
Lung_Opacity-615.png,Lung_Opacity-615.png
COVID-280.png,COVID-280.png
Viral Pneumonia-411.png,Viral Pneumonia-411.png
Viral Pneumonia-364.png,Viral Pneumonia-364.png
COVID-193.png,COVID-193.png
Lung_Opacity-600.png,Lung_Opacity-600.png
Lung_Opacity-82.png,Lung_Opacity-82.png
Viral Pneumonia-77.png,Viral Pneumonia-77.png
Lung_Opacity-660.png,Lung_Opacity-660.png
Viral Pneumonia-353.png,Viral Pneumonia-353.png
Lung_Opacity-619.png,Lung_Opacity-619.png
Normal-36.png,Normal-36.png
Lung_Opacity-550.png,Lung_Opacity-550.png
Normal-376.png,Normal-376.png
Lung_Opacity-100.png,Lung_Opacity-100.png
Normal-403.png,Normal-403.png
Normal-674.png,Normal-674.png
Viral Pneumonia-125.png,Viral Pneumonia-125.png
Normal-188.png,Normal-188.png
COVID-592.png,COVID-592.png
Lung_Opacity-94.png,Lung_Opacity-94.png
Normal-558.png,Normal-558.png
Normal-279.png,Normal-279.png
Lung_Opacity-6.png,Lung_Opacity-6.png
Normal-458.png,Normal-458.png
Viral Pneumonia-221.png,Viral Pneumonia-221.png
Lung_Opacity-233.png,Lung_Opacity-233.png
Normal-25.png,Normal-25.png
Normal-54.png,Normal-54.png
COVID-521.png,COVID-521.png
COVID-468.png,COVID-468.png
Lung_Opacity-144.png,Lung_Opacity-144.png
COVID-355.png,COVID-355.png
Lung_Opacity-396.png,Lung_Opacity-396.png
Normal-294.png,Normal-294.png
Normal-534.png,Normal-534.png
Lung_Opacity-135.png,Lung_Opacity-135.png
Normal-407.png,Normal-407.png
COVID-327.png,COVID-327.png
Lung_Opacity-488.png,Lung_Opacity-488.png
COVID-114.png,COVID-114.png
COVID-585.png,COVID-585.png
Viral Pneumonia-363.png,Viral Pneumonia-363.png
Viral Pneumonia-558.png,Viral Pneumonia-558.png
Lung_Opacity-249.png,Lung_Opacity-249.png
Viral Pneumonia-275.png,Viral Pneumonia-275.png
Viral Pneumonia-350.png,Viral Pneumonia-350.png
COVID-508.png,COVID-508.png
Lung_Opacity-157.png,Lung_Opacity-157.png
COVID-527.png,COVID-527.png
Normal-541.png,Normal-541.png
Viral Pneumonia-568.png,Viral Pneumonia-568.png
Viral Pneumonia-119.png,Viral Pneumonia-119.png
Lung_Opacity-211.png,Lung_Opacity-211.png
Viral Pneumonia-538.png,Viral Pneumonia-538.png
Lung_Opacity-19.png,Lung_Opacity-19.png
Lung_Opacity-83.png,Lung_Opacity-83.png
Viral Pneumonia-635.png,Viral Pneumonia-635.png
Viral Pneumonia-281.png,Viral Pneumonia-281.png
Viral Pneumonia-5.png,Viral Pneumonia-5.png
COVID-353.png,COVID-353.png
Viral Pneumonia-642.png,Viral Pneumonia-642.png
Viral Pneumonia-94.png,Viral Pneumonia-94.png
COVID-226.png,COVID-226.png
Normal-328.png,Normal-328.png
Normal-568.png,Normal-568.png
Normal-612.png,Normal-612.png
Normal-296.png,Normal-296.png
Lung_Opacity-172.png,Lung_Opacity-172.png
Lung_Opacity-162.png,Lung_Opacity-162.png
COVID-672.png,COVID-672.png
Viral Pneumonia-287.png,Viral Pneumonia-287.png
Normal-408.png,Normal-408.png
Viral Pneumonia-319.png,Viral Pneumonia-319.png
COVID-380.png,COVID-380.png
Viral Pneumonia-64.png,Viral Pneumonia-64.png
Normal-371.png,Normal-371.png
Viral Pneumonia-147.png,Viral Pneumonia-147.png
Normal-85.png,Normal-85.png
Lung_Opacity-4.png,Lung_Opacity-4.png
Lung_Opacity-510.png,Lung_Opacity-510.png
COVID-553.png,COVID-553.png
Lung_Opacity-261.png,Lung_Opacity-261.png
COVID-245.png,COVID-245.png
Lung_Opacity-439.png,Lung_Opacity-439.png
COVID-253.png,COVID-253.png
Normal-67.png,Normal-67.png
Lung_Opacity-166.png,Lung_Opacity-166.png
Viral Pneumonia-490.png,Viral Pneumonia-490.png
COVID-119.png,COVID-119.png
Lung_Opacity-344.png,Lung_Opacity-344.png
Viral Pneumonia-636.png,Viral Pneumonia-636.png
Lung_Opacity-87.png,Lung_Opacity-87.png
Lung_Opacity-656.png,Lung_Opacity-656.png
Lung_Opacity-543.png,Lung_Opacity-543.png
Normal-202.png,Normal-202.png
COVID-22.png,COVID-22.png
Viral Pneumonia-53.png,Viral Pneumonia-53.png
Normal-68.png,Normal-68.png
COVID-574.png,COVID-574.png
Lung_Opacity-569.png,Lung_Opacity-569.png
Lung_Opacity-319.png,Lung_Opacity-319.png
COVID-539.png,COVID-539.png
Normal-136.png,Normal-136.png
Normal-130.png,Normal-130.png
COVID-167.png,COVID-167.png
Lung_Opacity-675.png,Lung_Opacity-675.png
Viral Pneumonia-89.png,Viral Pneumonia-89.png
Lung_Opacity-182.png,Lung_Opacity-182.png
COVID-394.png,COVID-394.png
Viral Pneumonia-610.png,Viral Pneumonia-610.png
COVID-329.png,COVID-329.png
COVID-556.png,COVID-556.png
Normal-609.png,Normal-609.png
COVID-27.png,COVID-27.png
COVID-621.png,COVID-621.png
COVID-407.png,COVID-407.png
Viral Pneumonia-184.png,Viral Pneumonia-184.png
COVID-545.png,COVID-545.png
Normal-383.png,Normal-383.png
Normal-92.png,Normal-92.png
COVID-637.png,COVID-637.png
COVID-471.png,COVID-471.png
Viral Pneumonia-618.png,Viral Pneumonia-618.png
Normal-153.png,Normal-153.png
COVID-315.png,COVID-315.png
Viral Pneumonia-356.png,Viral Pneumonia-356.png
COVID-547.png,COVID-547.png
Normal-26.png,Normal-26.png
COVID-634.png,COVID-634.png
Lung_Opacity-382.png,Lung_Opacity-382.png
Normal-405.png,Normal-405.png
Normal-237.png,Normal-237.png
Normal-601.png,Normal-601.png
Viral Pneumonia-290.png,Viral Pneumonia-290.png
Lung_Opacity-474.png,Lung_Opacity-474.png
Normal-447.png,Normal-447.png
COVID-143.png,COVID-143.png
Viral Pneumonia-378.png,Viral Pneumonia-378.png
COVID-587.png,COVID-587.png
Lung_Opacity-401.png,Lung_Opacity-401.png
Viral Pneumonia-485.png,Viral Pneumonia-485.png
Viral Pneumonia-196.png,Viral Pneumonia-196.png
Normal-152.png,Normal-152.png
Lung_Opacity-349.png,Lung_Opacity-349.png
Normal-625.png,Normal-625.png
Viral Pneumonia-163.png,Viral Pneumonia-163.png
COVID-127.png,COVID-127.png
Lung_Opacity-48.png,Lung_Opacity-48.png
Normal-312.png,Normal-312.png
Lung_Opacity-235.png,Lung_Opacity-235.png
Viral Pneumonia-553.png,Viral Pneumonia-553.png
Lung_Opacity-538.png,Lung_Opacity-538.png
Viral Pneumonia-392.png,Viral Pneumonia-392.png
COVID-314.png,COVID-314.png
Lung_Opacity-245.png,Lung_Opacity-245.png
COVID-675.png,COVID-675.png
Viral Pneumonia-579.png,Viral Pneumonia-579.png
Lung_Opacity-175.png,Lung_Opacity-175.png
Viral Pneumonia-324.png,Viral Pneumonia-324.png
Viral Pneumonia-514.png,Viral Pneumonia-514.png
COVID-428.png,COVID-428.png
Viral Pneumonia-577.png,Viral Pneumonia-577.png
Normal-472.png,Normal-472.png
Lung_Opacity-366.png,Lung_Opacity-366.png
COVID-596.png,COVID-596.png
Normal-483.png,Normal-483.png
Lung_Opacity-225.png,Lung_Opacity-225.png
Lung_Opacity-298.png,Lung_Opacity-298.png
COVID-269.png,COVID-269.png
Normal-314.png,Normal-314.png
Normal-34.png,Normal-34.png
Viral Pneumonia-183.png,Viral Pneumonia-183.png
Lung_Opacity-582.png,Lung_Opacity-582.png
Lung_Opacity-196.png,Lung_Opacity-196.png
Viral Pneumonia-168.png,Viral Pneumonia-168.png
COVID-610.png,COVID-610.png
COVID-663.png,COVID-663.png
Normal-231.png,Normal-231.png
Lung_Opacity-653.png,Lung_Opacity-653.png
Lung_Opacity-159.png,Lung_Opacity-159.png
Normal-147.png,Normal-147.png
Viral Pneumonia-213.png,Viral Pneumonia-213.png
Viral Pneumonia-663.png,Viral Pneumonia-663.png
Lung_Opacity-205.png,Lung_Opacity-205.png
Lung_Opacity-497.png,Lung_Opacity-497.png
COVID-551.png,COVID-551.png
COVID-493.png,COVID-493.png
Viral Pneumonia-43.png,Viral Pneumonia-43.png
Lung_Opacity-635.png,Lung_Opacity-635.png
Lung_Opacity-670.png,Lung_Opacity-670.png
Normal-326.png,Normal-326.png
Viral Pneumonia-62.png,Viral Pneumonia-62.png
Normal-591.png,Normal-591.png
Lung_Opacity-187.png,Lung_Opacity-187.png
Lung_Opacity-244.png,Lung_Opacity-244.png
Lung_Opacity-549.png,Lung_Opacity-549.png
Viral Pneumonia-81.png,Viral Pneumonia-81.png
Lung_Opacity-403.png,Lung_Opacity-403.png
Viral Pneumonia-480.png,Viral Pneumonia-480.png
Lung_Opacity-636.png,Lung_Opacity-636.png
Lung_Opacity-295.png,Lung_Opacity-295.png
COVID-171.png,COVID-171.png
COVID-668.png,COVID-668.png
Normal-394.png,Normal-394.png
Viral Pneumonia-137.png,Viral Pneumonia-137.png
COVID-196.png,COVID-196.png
Normal-548.png,Normal-548.png
COVID-420.png,COVID-420.png
Lung_Opacity-509.png,Lung_Opacity-509.png
Viral Pneumonia-131.png,Viral Pneumonia-131.png
Lung_Opacity-539.png,Lung_Opacity-539.png
Viral Pneumonia-28.png,Viral Pneumonia-28.png
Lung_Opacity-665.png,Lung_Opacity-665.png
Viral Pneumonia-524.png,Viral Pneumonia-524.png
Normal-538.png,Normal-538.png
Viral Pneumonia-299.png,Viral Pneumonia-299.png
COVID-73.png,COVID-73.png
Normal-436.png,Normal-436.png
COVID-628.png,COVID-628.png
COVID-598.png,COVID-598.png
Normal-323.png,Normal-323.png
Viral Pneumonia-656.png,Viral Pneumonia-656.png
Normal-156.png,Normal-156.png
COVID-498.png,COVID-498.png
COVID-297.png,COVID-297.png
Lung_Opacity-90.png,Lung_Opacity-90.png
COVID-125.png,COVID-125.png
COVID-453.png,COVID-453.png
Normal-226.png,Normal-226.png
Normal-165.png,Normal-165.png
Lung_Opacity-374.png,Lung_Opacity-374.png
Normal-506.png,Normal-506.png
Normal-16.png,Normal-16.png
Viral Pneumonia-473.png,Viral Pneumonia-473.png
Normal-292.png,Normal-292.png
Viral Pneumonia-145.png,Viral Pneumonia-145.png
Lung_Opacity-226.png,Lung_Opacity-226.png
Normal-295.png,Normal-295.png
Normal-540.png,Normal-540.png
Normal-225.png,Normal-225.png
Viral Pneumonia-508.png,Viral Pneumonia-508.png
Viral Pneumonia-55.png,Viral Pneumonia-55.png
Normal-125.png,Normal-125.png
Lung_Opacity-258.png,Lung_Opacity-258.png
COVID-262.png,COVID-262.png
Lung_Opacity-687.png,Lung_Opacity-687.png
Lung_Opacity-461.png,Lung_Opacity-461.png
Lung_Opacity-74.png,Lung_Opacity-74.png
COVID-223.png,COVID-223.png
Normal-333.png,Normal-333.png
COVID-625.png,COVID-625.png
Viral Pneumonia-389.png,Viral Pneumonia-389.png
Lung_Opacity-613.png,Lung_Opacity-613.png
Normal-235.png,Normal-235.png
Viral Pneumonia-92.png,Viral Pneumonia-92.png
COVID-531.png,COVID-531.png
Normal-347.png,Normal-347.png
Viral Pneumonia-252.png,Viral Pneumonia-252.png
Lung_Opacity-502.png,Lung_Opacity-502.png
Normal-140.png,Normal-140.png
Normal-11.png,Normal-11.png
Lung_Opacity-435.png,Lung_Opacity-435.png
Normal-471.png,Normal-471.png
Normal-262.png,Normal-262.png
Lung_Opacity-351.png,Lung_Opacity-351.png
COVID-53.png,COVID-53.png
Lung_Opacity-467.png,Lung_Opacity-467.png
Lung_Opacity-12.png,Lung_Opacity-12.png
Lung_Opacity-308.png,Lung_Opacity-308.png
Normal-57.png,Normal-57.png
COVID-481.png,COVID-481.png
Viral Pneumonia-161.png,Viral Pneumonia-161.png
Lung_Opacity-603.png,Lung_Opacity-603.png
Viral Pneumonia-284.png,Viral Pneumonia-284.png
Lung_Opacity-291.png,Lung_Opacity-291.png
Viral Pneumonia-488.png,Viral Pneumonia-488.png
Normal-349.png,Normal-349.png
Viral Pneumonia-25.png,Viral Pneumonia-25.png
Lung_Opacity-76.png,Lung_Opacity-76.png
COVID-479.png,COVID-479.png
COVID-617.png,COVID-617.png
Lung_Opacity-304.png,Lung_Opacity-304.png
Viral Pneumonia-372.png,Viral Pneumonia-372.png
Lung_Opacity-525.png,Lung_Opacity-525.png
Lung_Opacity-395.png,Lung_Opacity-395.png
Normal-179.png,Normal-179.png
Lung_Opacity-97.png,Lung_Opacity-97.png
Normal-630.png,Normal-630.png
Normal-640.png,Normal-640.png
COVID-384.png,COVID-384.png
COVID-388.png,COVID-388.png
COVID-106.png,COVID-106.png
Lung_Opacity-18.png,Lung_Opacity-18.png
Lung_Opacity-581.png,Lung_Opacity-581.png
Normal-44.png,Normal-44.png
Lung_Opacity-519.png,Lung_Opacity-519.png
Normal-343.png,Normal-343.png
Viral Pneumonia-166.png,Viral Pneumonia-166.png
Viral Pneumonia-605.png,Viral Pneumonia-605.png
Normal-657.png,Normal-657.png
Normal-97.png,Normal-97.png
COVID-458.png,COVID-458.png
Lung_Opacity-611.png,Lung_Opacity-611.png
Lung_Opacity-329.png,Lung_Opacity-329.png
Viral Pneumonia-566.png,Viral Pneumonia-566.png
Normal-270.png,Normal-270.png
Viral Pneumonia-162.png,Viral Pneumonia-162.png
Normal-641.png,Normal-641.png
Viral Pneumonia-596.png,Viral Pneumonia-596.png
COVID-368.png,COVID-368.png
Lung_Opacity-267.png,Lung_Opacity-267.png
COVID-4.png,COVID-4.png
Normal-248.png,Normal-248.png
COVID-310.png,COVID-310.png
Normal-487.png,Normal-487.png
Lung_Opacity-184.png,Lung_Opacity-184.png
Normal-511.png,Normal-511.png
Viral Pneumonia-31.png,Viral Pneumonia-31.png
Viral Pneumonia-314.png,Viral Pneumonia-314.png
Lung_Opacity-125.png,Lung_Opacity-125.png
Viral Pneumonia-471.png,Viral Pneumonia-471.png
Viral Pneumonia-426.png,Viral Pneumonia-426.png
Lung_Opacity-239.png,Lung_Opacity-239.png
Normal-78.png,Normal-78.png
Normal-265.png,Normal-265.png
Viral Pneumonia-676.png,Viral Pneumonia-676.png
Normal-453.png,Normal-453.png
Lung_Opacity-5.png,Lung_Opacity-5.png
COVID-642.png,COVID-642.png
Viral Pneumonia-239.png,Viral Pneumonia-239.png
Normal-596.png,Normal-596.png
Normal-514.png,Normal-514.png
Lung_Opacity-25.png,Lung_Opacity-25.png
COVID-213.png,COVID-213.png
COVID-613.png,COVID-613.png
COVID-146.png,COVID-146.png
COVID-247.png,COVID-247.png
Normal-595.png,Normal-595.png
COVID-138.png,COVID-138.png
Lung_Opacity-170.png,Lung_Opacity-170.png
Normal-198.png,Normal-198.png
Normal-41.png,Normal-41.png
Normal-283.png,Normal-283.png
Normal-440.png,Normal-440.png
Normal-180.png,Normal-180.png
Viral Pneumonia-266.png,Viral Pneumonia-266.png
COVID-469.png,COVID-469.png
Normal-618.png,Normal-618.png
Viral Pneumonia-631.png,Viral Pneumonia-631.png
Normal-230.png,Normal-230.png
Normal-272.png,Normal-272.png
Lung_Opacity-288.png,Lung_Opacity-288.png
COVID-79.png,COVID-79.png
Normal-600.png,Normal-600.png
Lung_Opacity-672.png,Lung_Opacity-672.png
COVID-161.png,COVID-161.png
Viral Pneumonia-377.png,Viral Pneumonia-377.png
COVID-567.png,COVID-567.png
Normal-82.png,Normal-82.png
Lung_Opacity-169.png,Lung_Opacity-169.png
COVID-678.png,COVID-678.png
Lung_Opacity-221.png,Lung_Opacity-221.png
Normal-213.png,Normal-213.png
Normal-111.png,Normal-111.png
Viral Pneumonia-634.png,Viral Pneumonia-634.png
Viral Pneumonia-408.png,Viral Pneumonia-408.png
Viral Pneumonia-405.png,Viral Pneumonia-405.png
Lung_Opacity-361.png,Lung_Opacity-361.png
Lung_Opacity-644.png,Lung_Opacity-644.png
Normal-338.png,Normal-338.png
COVID-29.png,COVID-29.png
Viral Pneumonia-273.png,Viral Pneumonia-273.png
COVID-544.png,COVID-544.png
Normal-37.png,Normal-37.png
COVID-9.png,COVID-9.png
COVID-16.png,COVID-16.png
COVID-454.png,COVID-454.png
Normal-545.png,Normal-545.png
COVID-8.png,COVID-8.png
Lung_Opacity-34.png,Lung_Opacity-34.png
Lung_Opacity-118.png,Lung_Opacity-118.png
Viral Pneumonia-406.png,Viral Pneumonia-406.png
Viral Pneumonia-219.png,Viral Pneumonia-219.png
COVID-276.png,COVID-276.png
COVID-335.png,COVID-335.png
Normal-401.png,Normal-401.png
Viral Pneumonia-96.png,Viral Pneumonia-96.png
Lung_Opacity-547.png,Lung_Opacity-547.png
Lung_Opacity-49.png,Lung_Opacity-49.png
Lung_Opacity-679.png,Lung_Opacity-679.png
COVID-511.png,COVID-511.png
Lung_Opacity-604.png,Lung_Opacity-604.png
COVID-159.png,COVID-159.png
Lung_Opacity-571.png,Lung_Opacity-571.png
Normal-254.png,Normal-254.png
Lung_Opacity-63.png,Lung_Opacity-63.png
Viral Pneumonia-390.png,Viral Pneumonia-390.png
Normal-604.png,Normal-604.png
COVID-152.png,COVID-152.png
Lung_Opacity-26.png,Lung_Opacity-26.png
COVID-576.png,COVID-576.png
Lung_Opacity-86.png,Lung_Opacity-86.png
Viral Pneumonia-687.png,Viral Pneumonia-687.png
Normal-282.png,Normal-282.png
Lung_Opacity-473.png,Lung_Opacity-473.png
Viral Pneumonia-501.png,Viral Pneumonia-501.png
Normal-258.png,Normal-258.png
Normal-603.png,Normal-603.png
Viral Pneumonia-365.png,Viral Pneumonia-365.png
Viral Pneumonia-235.png,Viral Pneumonia-235.png
Viral Pneumonia-149.png,Viral Pneumonia-149.png
COVID-422.png,COVID-422.png
COVID-433.png,COVID-433.png
COVID-612.png,COVID-612.png
Lung_Opacity-120.png,Lung_Opacity-120.png
Viral Pneumonia-2.png,Viral Pneumonia-2.png
Viral Pneumonia-645.png,Viral Pneumonia-645.png
COVID-623.png,COVID-623.png
Normal-317.png,Normal-317.png
Viral Pneumonia-361.png,Viral Pneumonia-361.png
Viral Pneumonia-451.png,Viral Pneumonia-451.png
Lung_Opacity-542.png,Lung_Opacity-542.png
Viral Pneumonia-600.png,Viral Pneumonia-600.png
Viral Pneumonia-133.png,Viral Pneumonia-133.png
Viral Pneumonia-301.png,Viral Pneumonia-301.png
Viral Pneumonia-159.png,Viral Pneumonia-159.png
Normal-255.png,Normal-255.png
COVID-643.png,COVID-643.png
COVID-410.png,COVID-410.png
COVID-33.png,COVID-33.png
Normal-529.png,Normal-529.png
Normal-77.png,Normal-77.png
Lung_Opacity-15.png,Lung_Opacity-15.png
Normal-334.png,Normal-334.png
Lung_Opacity-336.png,Lung_Opacity-336.png
Viral Pneumonia-90.png,Viral Pneumonia-90.png
COVID-132.png,COVID-132.png
Lung_Opacity-548.png,Lung_Opacity-548.png
COVID-404.png,COVID-404.png
COVID-680.png,COVID-680.png
Viral Pneumonia-510.png,Viral Pneumonia-510.png
Normal-173.png,Normal-173.png
Viral Pneumonia-562.png,Viral Pneumonia-562.png
Viral Pneumonia-565.png,Viral Pneumonia-565.png
Viral Pneumonia-144.png,Viral Pneumonia-144.png
Viral Pneumonia-433.png,Viral Pneumonia-433.png
COVID-403.png,COVID-403.png
Lung_Opacity-324.png,Lung_Opacity-324.png
Normal-269.png,Normal-269.png
Viral Pneumonia-318.png,Viral Pneumonia-318.png
Viral Pneumonia-268.png,Viral Pneumonia-268.png
Normal-392.png,Normal-392.png
Normal-366.png,Normal-366.png
Lung_Opacity-317.png,Lung_Opacity-317.png
COVID-306.png,COVID-306.png
Normal-479.png,Normal-479.png
Lung_Opacity-10.png,Lung_Opacity-10.png
Normal-289.png,Normal-289.png
Lung_Opacity-384.png,Lung_Opacity-384.png
Normal-298.png,Normal-298.png
Normal-473.png,Normal-473.png
Lung_Opacity-99.png,Lung_Opacity-99.png
Viral Pneumonia-623.png,Viral Pneumonia-623.png
Normal-663.png,Normal-663.png
Lung_Opacity-186.png,Lung_Opacity-186.png
Viral Pneumonia-97.png,Viral Pneumonia-97.png
COVID-163.png,COVID-163.png
COVID-293.png,COVID-293.png
Lung_Opacity-57.png,Lung_Opacity-57.png
COVID-115.png,COVID-115.png
Normal-181.png,Normal-181.png
COVID-682.png,COVID-682.png
Normal-339.png,Normal-339.png
Viral Pneumonia-39.png,Viral Pneumonia-39.png
Lung_Opacity-516.png,Lung_Opacity-516.png
Lung_Opacity-472.png,Lung_Opacity-472.png
Normal-515.png,Normal-515.png
COVID-505.png,COVID-505.png
COVID-21.png,COVID-21.png
Normal-589.png,Normal-589.png
COVID-686.png,COVID-686.png
COVID-360.png,COVID-360.png
Normal-660.png,Normal-660.png
Viral Pneumonia-358.png,Viral Pneumonia-358.png
Normal-523.png,Normal-523.png
Normal-241.png,Normal-241.png
Viral Pneumonia-230.png,Viral Pneumonia-230.png
Lung_Opacity-540.png,Lung_Opacity-540.png
Viral Pneumonia-468.png,Viral Pneumonia-468.png
Normal-297.png,Normal-297.png
COVID-251.png,COVID-251.png
Lung_Opacity-252.png,Lung_Opacity-252.png
COVID-88.png,COVID-88.png
Lung_Opacity-95.png,Lung_Opacity-95.png
COVID-278.png,COVID-278.png
COVID-564.png,COVID-564.png
Viral Pneumonia-41.png,Viral Pneumonia-41.png
Lung_Opacity-358.png,Lung_Opacity-358.png
Lung_Opacity-365.png,Lung_Opacity-365.png
Normal-33.png,Normal-33.png
Normal-489.png,Normal-489.png
Lung_Opacity-425.png,Lung_Opacity-425.png
COVID-557.png,COVID-557.png
Viral Pneumonia-588.png,Viral Pneumonia-588.png
Viral Pneumonia-599.png,Viral Pneumonia-599.png
COVID-452.png,COVID-452.png
Normal-535.png,Normal-535.png
Viral Pneumonia-443.png,Viral Pneumonia-443.png
Lung_Opacity-443.png,Lung_Opacity-443.png
Lung_Opacity-671.png,Lung_Opacity-671.png
Viral Pneumonia-572.png,Viral Pneumonia-572.png
Normal-138.png,Normal-138.png
Lung_Opacity-364.png,Lung_Opacity-364.png
Lung_Opacity-589.png,Lung_Opacity-589.png
Normal-684.png,Normal-684.png
Viral Pneumonia-527.png,Viral Pneumonia-527.png
Lung_Opacity-129.png,Lung_Opacity-129.png
Normal-355.png,Normal-355.png
COVID-674.png,COVID-674.png
COVID-560.png,COVID-560.png
Viral Pneumonia-540.png,Viral Pneumonia-540.png
Lung_Opacity-504.png,Lung_Opacity-504.png
Lung_Opacity-517.png,Lung_Opacity-517.png
Lung_Opacity-505.png,Lung_Opacity-505.png
COVID-236.png,COVID-236.png
Normal-648.png,Normal-648.png
Viral Pneumonia-375.png,Viral Pneumonia-375.png
Viral Pneumonia-113.png,Viral Pneumonia-113.png
COVID-54.png,COVID-54.png
COVID-325.png,COVID-325.png
Lung_Opacity-449.png,Lung_Opacity-449.png
COVID-303.png,COVID-303.png
COVID-291.png,COVID-291.png
Viral Pneumonia-609.png,Viral Pneumonia-609.png
Lung_Opacity-154.png,Lung_Opacity-154.png
Viral Pneumonia-1.png,Viral Pneumonia-1.png
Viral Pneumonia-604.png,Viral Pneumonia-604.png
Viral Pneumonia-549.png,Viral Pneumonia-549.png
COVID-549.png,COVID-549.png
COVID-537.png,COVID-537.png
Viral Pneumonia-580.png,Viral Pneumonia-580.png
Normal-441.png,Normal-441.png
Lung_Opacity-119.png,Lung_Opacity-119.png
Lung_Opacity-597.png,Lung_Opacity-597.png
COVID-559.png,COVID-559.png
Normal-425.png,Normal-425.png
Normal-135.png,Normal-135.png
Normal-631.png,Normal-631.png
Viral Pneumonia-654.png,Viral Pneumonia-654.png
Normal-83.png,Normal-83.png
Viral Pneumonia-352.png,Viral Pneumonia-352.png
Viral Pneumonia-262.png,Viral Pneumonia-262.png
Normal-644.png,Normal-644.png
Viral Pneumonia-504.png,Viral Pneumonia-504.png
Normal-61.png,Normal-61.png
Lung_Opacity-237.png,Lung_Opacity-237.png
Viral Pneumonia-274.png,Viral Pneumonia-274.png
Normal-363.png,Normal-363.png
COVID-379.png,COVID-379.png
Normal-103.png,Normal-103.png
Normal-575.png,Normal-575.png
Normal-218.png,Normal-218.png
Lung_Opacity-676.png,Lung_Opacity-676.png
Viral Pneumonia-483.png,Viral Pneumonia-483.png
Lung_Opacity-596.png,Lung_Opacity-596.png
Lung_Opacity-73.png,Lung_Opacity-73.png
COVID-3.png,COVID-3.png
Normal-250.png,Normal-250.png
Viral Pneumonia-78.png,Viral Pneumonia-78.png
COVID-391.png,COVID-391.png
Lung_Opacity-143.png,Lung_Opacity-143.png
Normal-423.png,Normal-423.png
Lung_Opacity-370.png,Lung_Opacity-370.png
Viral Pneumonia-454.png,Viral Pneumonia-454.png
COVID-393.png,COVID-393.png
Normal-464.png,Normal-464.png
Viral Pneumonia-470.png,Viral Pneumonia-470.png
Viral Pneumonia-115.png,Viral Pneumonia-115.png
Viral Pneumonia-497.png,Viral Pneumonia-497.png
Normal-375.png,Normal-375.png
Normal-266.png,Normal-266.png
Viral Pneumonia-132.png,Viral Pneumonia-132.png
COVID-504.png,COVID-504.png
Normal-194.png,Normal-194.png
Viral Pneumonia-667.png,Viral Pneumonia-667.png
Normal-74.png,Normal-74.png
COVID-322.png,COVID-322.png
COVID-118.png,COVID-118.png
Normal-192.png,Normal-192.png
COVID-657.png,COVID-657.png
Normal-518.png,Normal-518.png
Viral Pneumonia-666.png,Viral Pneumonia-666.png
Lung_Opacity-546.png,Lung_Opacity-546.png
Normal-38.png,Normal-38.png
Viral Pneumonia-633.png,Viral Pneumonia-633.png
Lung_Opacity-155.png,Lung_Opacity-155.png
Lung_Opacity-3.png,Lung_Opacity-3.png
COVID-581.png,COVID-581.png
Lung_Opacity-476.png,Lung_Opacity-476.png
Lung_Opacity-141.png,Lung_Opacity-141.png
Lung_Opacity-65.png,Lung_Opacity-65.png
Viral Pneumonia-515.png,Viral Pneumonia-515.png
Lung_Opacity-554.png,Lung_Opacity-554.png
Normal-544.png,Normal-544.png
Normal-619.png,Normal-619.png
Normal-438.png,Normal-438.png
Lung_Opacity-468.png,Lung_Opacity-468.png
Normal-585.png,Normal-585.png
COVID-605.png,COVID-605.png
COVID-284.png,COVID-284.png
COVID-558.png,COVID-558.png
Lung_Opacity-107.png,Lung_Opacity-107.png
Normal-301.png,Normal-301.png
COVID-112.png,COVID-112.png
Lung_Opacity-375.png,Lung_Opacity-375.png
COVID-178.png,COVID-178.png
COVID-532.png,COVID-532.png
Normal-316.png,Normal-316.png
Normal-686.png,Normal-686.png
Lung_Opacity-355.png,Lung_Opacity-355.png
Viral Pneumonia-46.png,Viral Pneumonia-46.png
Viral Pneumonia-30.png,Viral Pneumonia-30.png
COVID-346.png,COVID-346.png
COVID-516.png,COVID-516.png
COVID-87.png,COVID-87.png
Lung_Opacity-188.png,Lung_Opacity-188.png
COVID-46.png,COVID-46.png
Normal-243.png,Normal-243.png
Viral Pneumonia-254.png,Viral Pneumonia-254.png
Normal-621.png,Normal-621.png
