Lung_Opacity-506.png,Lung_Opacity-506.png
Normal-467.png,Normal-467.png
Viral Pneumonia-103.png,Viral Pneumonia-103.png
COVID-636.png,COVID-636.png
COVID-676.png,COVID-676.png
Lung_Opacity-588.png,Lung_Opacity-588.png
Lung_Opacity-271.png,Lung_Opacity-271.png
Normal-549.png,Normal-549.png
Lung_Opacity-218.png,Lung_Opacity-218.png
Viral Pneumonia-386.png,Viral Pneumonia-386.png
COVID-76.png,COVID-76.png
Viral Pneumonia-487.png,Viral Pneumonia-487.png
COVID-552.png,COVID-552.png
Normal-210.png,Normal-210.png
Lung_Opacity-36.png,Lung_Opacity-36.png
Lung_Opacity-340.png,Lung_Opacity-340.png
Normal-587.png,Normal-587.png
Lung_Opacity-494.png,Lung_Opacity-494.png
Normal-96.png,Normal-96.png
Normal-539.png,Normal-539.png
Viral Pneumonia-544.png,Viral Pneumonia-544.png
Viral Pneumonia-591.png,Viral Pneumonia-591.png
COVID-100.png,COVID-100.png
COVID-445.png,COVID-445.png
Viral Pneumonia-104.png,Viral Pneumonia-104.png
Lung_Opacity-230.png,Lung_Opacity-230.png
Normal-10.png,Normal-10.png
Viral Pneumonia-264.png,Viral Pneumonia-264.png
Normal-200.png,Normal-200.png
Viral Pneumonia-172.png,Viral Pneumonia-172.png
Viral Pneumonia-182.png,Viral Pneumonia-182.png
Normal-150.png,Normal-150.png
Normal-578.png,Normal-578.png
Normal-304.png,Normal-304.png
Normal-413.png,Normal-413.png
Lung_Opacity-391.png,Lung_Opacity-391.png
Viral Pneumonia-500.png,Viral Pneumonia-500.png
Viral Pneumonia-466.png,Viral Pneumonia-466.png
COVID-597.png,COVID-597.png
COVID-502.png,COVID-502.png
Normal-675.png,Normal-675.png
Lung_Opacity-458.png,Lung_Opacity-458.png
Viral Pneumonia-16.png,Viral Pneumonia-16.png
Viral Pneumonia-486.png,Viral Pneumonia-486.png
Normal-86.png,Normal-86.png
COVID-405.png,COVID-405.png
Viral Pneumonia-208.png,Viral Pneumonia-208.png
Viral Pneumonia-70.png,Viral Pneumonia-70.png
Viral Pneumonia-462.png,Viral Pneumonia-462.png
Normal-98.png,Normal-98.png
Normal-113.png,Normal-113.png
COVID-614.png,COVID-614.png
Lung_Opacity-515.png,Lung_Opacity-515.png
Normal-488.png,Normal-488.png
Lung_Opacity-341.png,Lung_Opacity-341.png
Viral Pneumonia-528.png,Viral Pneumonia-528.png
Lung_Opacity-224.png,Lung_Opacity-224.png
Normal-8.png,Normal-8.png
Lung_Opacity-42.png,Lung_Opacity-42.png
COVID-376.png,COVID-376.png
Lung_Opacity-487.png,Lung_Opacity-487.png
Lung_Opacity-639.png,Lung_Opacity-639.png
Lung_Opacity-556.png,Lung_Opacity-556.png
COVID-495.png,COVID-495.png
Lung_Opacity-387.png,Lung_Opacity-387.png
Normal-24.png,Normal-24.png
Viral Pneumonia-242.png,Viral Pneumonia-242.png
Normal-204.png,Normal-204.png
Viral Pneumonia-247.png,Viral Pneumonia-247.png
COVID-210.png,COVID-210.png
Normal-189.png,Normal-189.png
Lung_Opacity-388.png,Lung_Opacity-388.png
Normal-159.png,Normal-159.png
Viral Pneumonia-59.png,Viral Pneumonia-59.png
Viral Pneumonia-200.png,Viral Pneumonia-200.png
Viral Pneumonia-13.png,Viral Pneumonia-13.png
Viral Pneumonia-512.png,Viral Pneumonia-512.png
COVID-566.png,COVID-566.png
COVID-671.png,COVID-671.png
Normal-186.png,Normal-186.png
Viral Pneumonia-492.png,Viral Pneumonia-492.png
Viral Pneumonia-366.png,Viral Pneumonia-366.png
COVID-426.png,COVID-426.png
COVID-339.png,COVID-339.png
COVID-239.png,COVID-239.png
Lung_Opacity-389.png,Lung_Opacity-389.png
COVID-187.png,COVID-187.png
Viral Pneumonia-339.png,Viral Pneumonia-339.png
Viral Pneumonia-340.png,Viral Pneumonia-340.png
Lung_Opacity-264.png,Lung_Opacity-264.png
Viral Pneumonia-201.png,Viral Pneumonia-201.png
Lung_Opacity-161.png,Lung_Opacity-161.png
COVID-255.png,COVID-255.png
Viral Pneumonia-535.png,Viral Pneumonia-535.png
Viral Pneumonia-456.png,Viral Pneumonia-456.png
Normal-364.png,Normal-364.png
Normal-176.png,Normal-176.png
Viral Pneumonia-387.png,Viral Pneumonia-387.png
Lung_Opacity-359.png,Lung_Opacity-359.png
Lung_Opacity-490.png,Lung_Opacity-490.png
Lung_Opacity-191.png,Lung_Opacity-191.png
COVID-194.png,COVID-194.png
Lung_Opacity-532.png,Lung_Opacity-532.png
Normal-475.png,Normal-475.png
Lung_Opacity-537.png,Lung_Opacity-537.png
Normal-642.png,Normal-642.png
Normal-19.png,Normal-19.png
Viral Pneumonia-397.png,Viral Pneumonia-397.png
Lung_Opacity-421.png,Lung_Opacity-421.png
Lung_Opacity-348.png,Lung_Opacity-348.png
Lung_Opacity-293.png,Lung_Opacity-293.png
Normal-507.png,Normal-507.png
Viral Pneumonia-48.png,Viral Pneumonia-48.png
Normal-337.png,Normal-337.png
Normal-216.png,Normal-216.png
COVID-656.png,COVID-656.png
Viral Pneumonia-226.png,Viral Pneumonia-226.png
Lung_Opacity-514.png,Lung_Opacity-514.png
Lung_Opacity-197.png,Lung_Opacity-197.png
Viral Pneumonia-286.png,Viral Pneumonia-286.png
Lung_Opacity-524.png,Lung_Opacity-524.png
Normal-115.png,Normal-115.png
Lung_Opacity-277.png,Lung_Opacity-277.png
Viral Pneumonia-344.png,Viral Pneumonia-344.png
Viral Pneumonia-47.png,Viral Pneumonia-47.png
COVID-289.png,COVID-289.png
COVID-632.png,COVID-632.png
Lung_Opacity-442.png,Lung_Opacity-442.png
Normal-390.png,Normal-390.png
COVID-515.png,COVID-515.png
COVID-354.png,COVID-354.png
Normal-374.png,Normal-374.png
Lung_Opacity-101.png,Lung_Opacity-101.png
Viral Pneumonia-412.png,Viral Pneumonia-412.png
Lung_Opacity-80.png,Lung_Opacity-80.png
COVID-86.png,COVID-86.png
Viral Pneumonia-146.png,Viral Pneumonia-146.png
Viral Pneumonia-130.png,Viral Pneumonia-130.png
Normal-486.png,Normal-486.png
Lung_Opacity-622.png,Lung_Opacity-622.png
Normal-636.png,Normal-636.png
Lung_Opacity-160.png,Lung_Opacity-160.png
Normal-354.png,Normal-354.png
Viral Pneumonia-547.png,Viral Pneumonia-547.png
COVID-39.png,COVID-39.png
Viral Pneumonia-75.png,Viral Pneumonia-75.png
COVID-604.png,COVID-604.png
COVID-282.png,COVID-282.png
Lung_Opacity-335.png,Lung_Opacity-335.png
Normal-509.png,Normal-509.png
Lung_Opacity-558.png,Lung_Opacity-558.png
COVID-222.png,COVID-222.png
Viral Pneumonia-348.png,Viral Pneumonia-348.png
Viral Pneumonia-93.png,Viral Pneumonia-93.png
Viral Pneumonia-52.png,Viral Pneumonia-52.png
Viral Pneumonia-567.png,Viral Pneumonia-567.png
COVID-304.png,COVID-304.png
COVID-201.png,COVID-201.png
Normal-13.png,Normal-13.png
Normal-168.png,Normal-168.png
Normal-310.png,Normal-310.png
Normal-683.png,Normal-683.png
COVID-313.png,COVID-313.png
COVID-121.png,COVID-121.png
Normal-184.png,Normal-184.png
Viral Pneumonia-646.png,Viral Pneumonia-646.png
Lung_Opacity-309.png,Lung_Opacity-309.png
Normal-124.png,Normal-124.png
Lung_Opacity-385.png,Lung_Opacity-385.png
Viral Pneumonia-189.png,Viral Pneumonia-189.png
Viral Pneumonia-621.png,Viral Pneumonia-621.png
Viral Pneumonia-346.png,Viral Pneumonia-346.png
Normal-228.png,Normal-228.png
Normal-18.png,Normal-18.png
Lung_Opacity-112.png,Lung_Opacity-112.png
Normal-257.png,Normal-257.png
Lung_Opacity-164.png,Lung_Opacity-164.png
Normal-569.png,Normal-569.png
COVID-687.png,COVID-687.png
COVID-432.png,COVID-432.png
Lung_Opacity-657.png,Lung_Opacity-657.png
Normal-647.png,Normal-647.png
Normal-397.png,Normal-397.png
Viral Pneumonia-296.png,Viral Pneumonia-296.png
Lung_Opacity-251.png,Lung_Opacity-251.png
COVID-684.png,COVID-684.png
Lung_Opacity-207.png,Lung_Opacity-207.png
Lung_Opacity-11.png,Lung_Opacity-11.png
Lung_Opacity-128.png,Lung_Opacity-128.png
Lung_Opacity-683.png,Lung_Opacity-683.png
Viral Pneumonia-394.png,Viral Pneumonia-394.png
COVID-568.png,COVID-568.png
Lung_Opacity-418.png,Lung_Opacity-418.png
Viral Pneumonia-625.png,Viral Pneumonia-625.png
COVID-181.png,COVID-181.png
COVID-92.png,COVID-92.png
Viral Pneumonia-539.png,Viral Pneumonia-539.png
Viral Pneumonia-563.png,Viral Pneumonia-563.png
COVID-35.png,COVID-35.png
Lung_Opacity-459.png,Lung_Opacity-459.png
Normal-154.png,Normal-154.png
COVID-256.png,COVID-256.png
Normal-108.png,Normal-108.png
Viral Pneumonia-509.png,Viral Pneumonia-509.png
Normal-461.png,Normal-461.png
Viral Pneumonia-545.png,Viral Pneumonia-545.png
Lung_Opacity-176.png,Lung_Opacity-176.png
Lung_Opacity-434.png,Lung_Opacity-434.png
Viral Pneumonia-156.png,Viral Pneumonia-156.png
Normal-369.png,Normal-369.png
COVID-575.png,COVID-575.png
Normal-500.png,Normal-500.png
Lung_Opacity-368.png,Lung_Opacity-368.png
Normal-482.png,Normal-482.png
COVID-93.png,COVID-93.png
Lung_Opacity-104.png,Lung_Opacity-104.png
Lung_Opacity-30.png,Lung_Opacity-30.png
Viral Pneumonia-613.png,Viral Pneumonia-613.png
Lung_Opacity-405.png,Lung_Opacity-405.png
COVID-635.png,COVID-635.png
Lung_Opacity-334.png,Lung_Opacity-334.png
Viral Pneumonia-657.png,Viral Pneumonia-657.png
Lung_Opacity-520.png,Lung_Opacity-520.png
Lung_Opacity-634.png,Lung_Opacity-634.png
Lung_Opacity-55.png,Lung_Opacity-55.png
COVID-200.png,COVID-200.png
COVID-168.png,COVID-168.png
Normal-169.png,Normal-169.png
Normal-322.png,Normal-322.png
Viral Pneumonia-56.png,Viral Pneumonia-56.png
Viral Pneumonia-493.png,Viral Pneumonia-493.png
Normal-653.png,Normal-653.png
Viral Pneumonia-370.png,Viral Pneumonia-370.png
COVID-358.png,COVID-358.png
COVID-300.png,COVID-300.png
Normal-14.png,Normal-14.png
COVID-569.png,COVID-569.png
COVID-111.png,COVID-111.png
Viral Pneumonia-280.png,Viral Pneumonia-280.png
Viral Pneumonia-231.png,Viral Pneumonia-231.png
COVID-513.png,COVID-513.png
COVID-36.png,COVID-36.png
Normal-306.png,Normal-306.png
Lung_Opacity-574.png,Lung_Opacity-574.png
Viral Pneumonia-7.png,Viral Pneumonia-7.png
Viral Pneumonia-641.png,Viral Pneumonia-641.png
Lung_Opacity-518.png,Lung_Opacity-518.png
Lung_Opacity-522.png,Lung_Opacity-522.png
COVID-649.png,COVID-649.png
Normal-285.png,Normal-285.png
COVID-644.png,COVID-644.png
COVID-104.png,COVID-104.png
Lung_Opacity-658.png,Lung_Opacity-658.png
Viral Pneumonia-417.png,Viral Pneumonia-417.png
Normal-459.png,Normal-459.png
COVID-654.png,COVID-654.png
Normal-40.png,Normal-40.png
COVID-683.png,COVID-683.png
Viral Pneumonia-261.png,Viral Pneumonia-261.png
Lung_Opacity-243.png,Lung_Opacity-243.png
Normal-370.png,Normal-370.png
Viral Pneumonia-108.png,Viral Pneumonia-108.png
Normal-143.png,Normal-143.png
Lung_Opacity-257.png,Lung_Opacity-257.png
Normal-30.png,Normal-30.png
COVID-126.png,COVID-126.png
Lung_Opacity-22.png,Lung_Opacity-22.png
Viral Pneumonia-526.png,Viral Pneumonia-526.png
Lung_Opacity-628.png,Lung_Opacity-628.png
Lung_Opacity-174.png,Lung_Opacity-174.png
Normal-512.png,Normal-512.png
Viral Pneumonia-269.png,Viral Pneumonia-269.png
Viral Pneumonia-664.png,Viral Pneumonia-664.png
Normal-613.png,Normal-613.png
Normal-659.png,Normal-659.png
Lung_Opacity-194.png,Lung_Opacity-194.png
Viral Pneumonia-644.png,Viral Pneumonia-644.png
Lung_Opacity-320.png,Lung_Opacity-320.png
Viral Pneumonia-292.png,Viral Pneumonia-292.png
Viral Pneumonia-67.png,Viral Pneumonia-67.png
COVID-615.png,COVID-615.png
Viral Pneumonia-187.png,Viral Pneumonia-187.png
Normal-345.png,Normal-345.png
Normal-253.png,Normal-253.png
Viral Pneumonia-112.png,Viral Pneumonia-112.png
COVID-158.png,COVID-158.png
Viral Pneumonia-302.png,Viral Pneumonia-302.png
Normal-550.png,Normal-550.png
Viral Pneumonia-265.png,Viral Pneumonia-265.png
COVID-538.png,COVID-538.png
Normal-384.png,Normal-384.png
Viral Pneumonia-51.png,Viral Pneumonia-51.png
Lung_Opacity-610.png,Lung_Opacity-610.png
COVID-579.png,COVID-579.png
Normal-583.png,Normal-583.png
Lung_Opacity-591.png,Lung_Opacity-591.png
Lung_Opacity-343.png,Lung_Opacity-343.png
Normal-685.png,Normal-685.png
Normal-495.png,Normal-495.png
COVID-156.png,COVID-156.png
COVID-611.png,COVID-611.png
Viral Pneumonia-587.png,Viral Pneumonia-587.png
Lung_Opacity-193.png,Lung_Opacity-193.png
Viral Pneumonia-659.png,Viral Pneumonia-659.png
Lung_Opacity-163.png,Lung_Opacity-163.png
COVID-396.png,COVID-396.png
Normal-566.png,Normal-566.png
Viral Pneumonia-220.png,Viral Pneumonia-220.png
Lung_Opacity-185.png,Lung_Opacity-185.png
COVID-622.png,COVID-622.png
Normal-101.png,Normal-101.png
Lung_Opacity-621.png,Lung_Opacity-621.png
Normal-66.png,Normal-66.png
Normal-546.png,Normal-546.png
Normal-597.png,Normal-597.png
COVID-117.png,COVID-117.png
COVID-629.png,COVID-629.png
Viral Pneumonia-328.png,Viral Pneumonia-328.png
Lung_Opacity-88.png,Lung_Opacity-88.png
COVID-455.png,COVID-455.png
Viral Pneumonia-111.png,Viral Pneumonia-111.png
Viral Pneumonia-477.png,Viral Pneumonia-477.png
COVID-142.png,COVID-142.png
Viral Pneumonia-672.png,Viral Pneumonia-672.png
Viral Pneumonia-228.png,Viral Pneumonia-228.png
Lung_Opacity-181.png,Lung_Opacity-181.png
Normal-215.png,Normal-215.png
Lung_Opacity-551.png,Lung_Opacity-551.png
Viral Pneumonia-126.png,Viral Pneumonia-126.png
Viral Pneumonia-105.png,Viral Pneumonia-105.png
Normal-89.png,Normal-89.png
COVID-372.png,COVID-372.png
COVID-242.png,COVID-242.png
COVID-183.png,COVID-183.png
Lung_Opacity-601.png,Lung_Opacity-601.png
Normal-233.png,Normal-233.png
Lung_Opacity-414.png,Lung_Opacity-414.png
Lung_Opacity-561.png,Lung_Opacity-561.png
Lung_Opacity-232.png,Lung_Opacity-232.png
COVID-309.png,COVID-309.png
Lung_Opacity-131.png,Lung_Opacity-131.png
Lung_Opacity-399.png,Lung_Opacity-399.png
COVID-345.png,COVID-345.png
Lung_Opacity-1.png,Lung_Opacity-1.png
COVID-459.png,COVID-459.png
Lung_Opacity-496.png,Lung_Opacity-496.png
Lung_Opacity-450.png,Lung_Opacity-450.png
Normal-84.png,Normal-84.png
Viral Pneumonia-45.png,Viral Pneumonia-45.png
Normal-555.png,Normal-555.png
Lung_Opacity-66.png,Lung_Opacity-66.png
COVID-507.png,COVID-507.png
COVID-392.png,COVID-392.png
COVID-34.png,COVID-34.png
COVID-446.png,COVID-446.png
Viral Pneumonia-628.png,Viral Pneumonia-628.png
Normal-439.png,Normal-439.png
COVID-299.png,COVID-299.png
Lung_Opacity-190.png,Lung_Opacity-190.png
Viral Pneumonia-420.png,Viral Pneumonia-420.png
Normal-372.png,Normal-372.png
COVID-530.png,COVID-530.png
Viral Pneumonia-627.png,Viral Pneumonia-627.png
Normal-547.png,Normal-547.png
Normal-219.png,Normal-219.png
Normal-456.png,Normal-456.png
Viral Pneumonia-259.png,Viral Pneumonia-259.png
COVID-449.png,COVID-449.png
Viral Pneumonia-304.png,Viral Pneumonia-304.png
Viral Pneumonia-313.png,Viral Pneumonia-313.png
Viral Pneumonia-42.png,Viral Pneumonia-42.png
Viral Pneumonia-298.png,Viral Pneumonia-298.png
Lung_Opacity-242.png,Lung_Opacity-242.png
Lung_Opacity-151.png,Lung_Opacity-151.png
Viral Pneumonia-29.png,Viral Pneumonia-29.png
Viral Pneumonia-245.png,Viral Pneumonia-245.png
COVID-423.png,COVID-423.png
Lung_Opacity-369.png,Lung_Opacity-369.png
COVID-492.png,COVID-492.png
COVID-571.png,COVID-571.png
Normal-340.png,Normal-340.png
COVID-374.png,COVID-374.png
COVID-316.png,COVID-316.png
Viral Pneumonia-583.png,Viral Pneumonia-583.png
Viral Pneumonia-244.png,Viral Pneumonia-244.png
Viral Pneumonia-129.png,Viral Pneumonia-129.png
COVID-489.png,COVID-489.png
Lung_Opacity-145.png,Lung_Opacity-145.png
Normal-134.png,Normal-134.png
Viral Pneumonia-354.png,Viral Pneumonia-354.png
Lung_Opacity-400.png,Lung_Opacity-400.png
Normal-579.png,Normal-579.png
Normal-122.png,Normal-122.png
COVID-296.png,COVID-296.png
Lung_Opacity-362.png,Lung_Opacity-362.png
Viral Pneumonia-606.png,Viral Pneumonia-606.png
COVID-133.png,COVID-133.png
Lung_Opacity-376.png,Lung_Opacity-376.png
Lung_Opacity-240.png,Lung_Opacity-240.png
Viral Pneumonia-234.png,Viral Pneumonia-234.png
COVID-271.png,COVID-271.png
Viral Pneumonia-37.png,Viral Pneumonia-37.png
Normal-220.png,Normal-220.png
COVID-224.png,COVID-224.png
Normal-427.png,Normal-427.png
COVID-466.png,COVID-466.png
Viral Pneumonia-154.png,Viral Pneumonia-154.png
Viral Pneumonia-333.png,Viral Pneumonia-333.png
COVID-409.png,COVID-409.png
COVID-562.png,COVID-562.png
COVID-6.png,COVID-6.png
Normal-300.png,Normal-300.png
Lung_Opacity-106.png,Lung_Opacity-106.png
Viral Pneumonia-560.png,Viral Pneumonia-560.png
COVID-214.png,COVID-214.png
Normal-163.png,Normal-163.png
Lung_Opacity-552.png,Lung_Opacity-552.png
Normal-211.png,Normal-211.png
Lung_Opacity-255.png,Lung_Opacity-255.png
Lung_Opacity-667.png,Lung_Opacity-667.png
Lung_Opacity-409.png,Lung_Opacity-409.png
Normal-46.png,Normal-46.png
Viral Pneumonia-529.png,Viral Pneumonia-529.png
Normal-197.png,Normal-197.png
COVID-94.png,COVID-94.png
Lung_Opacity-68.png,Lung_Opacity-68.png
Normal-205.png,Normal-205.png
Normal-480.png,Normal-480.png
Lung_Opacity-489.png,Lung_Opacity-489.png
Lung_Opacity-678.png,Lung_Opacity-678.png
Viral Pneumonia-106.png,Viral Pneumonia-106.png
Normal-280.png,Normal-280.png
Viral Pneumonia-552.png,Viral Pneumonia-552.png
Viral Pneumonia-474.png,Viral Pneumonia-474.png
Normal-478.png,Normal-478.png
Normal-632.png,Normal-632.png
COVID-292.png,COVID-292.png
Normal-90.png,Normal-90.png
Normal-444.png,Normal-444.png
COVID-389.png,COVID-389.png
COVID-44.png,COVID-44.png
Viral Pneumonia-522.png,Viral Pneumonia-522.png
Normal-1.png,Normal-1.png
Normal-502.png,Normal-502.png
COVID-534.png,COVID-534.png
Normal-628.png,Normal-628.png
COVID-179.png,COVID-179.png
Viral Pneumonia-402.png,Viral Pneumonia-402.png
Normal-599.png,Normal-599.png
COVID-540.png,COVID-540.png
Normal-182.png,Normal-182.png
Normal-616.png,Normal-616.png
Lung_Opacity-146.png,Lung_Opacity-146.png
COVID-650.png,COVID-650.png
COVID-434.png,COVID-434.png
COVID-40.png,COVID-40.png
COVID-631.png,COVID-631.png
Viral Pneumonia-117.png,Viral Pneumonia-117.png
COVID-338.png,COVID-338.png
Lung_Opacity-173.png,Lung_Opacity-173.png
Normal-263.png,Normal-263.png
COVID-665.png,COVID-665.png
Viral Pneumonia-253.png,Viral Pneumonia-253.png
COVID-14.png,COVID-14.png
Lung_Opacity-668.png,Lung_Opacity-668.png
Viral Pneumonia-351.png,Viral Pneumonia-351.png
Normal-588.png,Normal-588.png
Viral Pneumonia-85.png,Viral Pneumonia-85.png
Viral Pneumonia-584.png,Viral Pneumonia-584.png
Normal-79.png,Normal-79.png
Lung_Opacity-363.png,Lung_Opacity-363.png
Viral Pneumonia-316.png,Viral Pneumonia-316.png
Lung_Opacity-624.png,Lung_Opacity-624.png
Lung_Opacity-570.png,Lung_Opacity-570.png
Lung_Opacity-528.png,Lung_Opacity-528.png
Normal-185.png,Normal-185.png
Lung_Opacity-58.png,Lung_Opacity-58.png
COVID-149.png,COVID-149.png
Normal-271.png,Normal-271.png
COVID-174.png,COVID-174.png
COVID-415.png,COVID-415.png
COVID-57.png,COVID-57.png
Lung_Opacity-279.png,Lung_Opacity-279.png
Viral Pneumonia-100.png,Viral Pneumonia-100.png
Normal-116.png,Normal-116.png
Lung_Opacity-428.png,Lung_Opacity-428.png
COVID-240.png,COVID-240.png
Normal-622.png,Normal-622.png
Lung_Opacity-222.png,Lung_Opacity-222.png
Normal-23.png,Normal-23.png
Normal-167.png,Normal-167.png
COVID-418.png,COVID-418.png
COVID-517.png,COVID-517.png
COVID-486.png,COVID-486.png
COVID-62.png,COVID-62.png
COVID-32.png,COVID-32.png
COVID-512.png,COVID-512.png
Lung_Opacity-139.png,Lung_Opacity-139.png
Lung_Opacity-500.png,Lung_Opacity-500.png
Normal-662.png,Normal-662.png
COVID-5.png,COVID-5.png
Viral Pneumonia-367.png,Viral Pneumonia-367.png
Viral Pneumonia-447.png,Viral Pneumonia-447.png
Viral Pneumonia-180.png,Viral Pneumonia-180.png
Viral Pneumonia-379.png,Viral Pneumonia-379.png
COVID-688.png,COVID-688.png
Viral Pneumonia-188.png,Viral Pneumonia-188.png
Lung_Opacity-398.png,Lung_Opacity-398.png
Normal-43.png,Normal-43.png
Lung_Opacity-310.png,Lung_Opacity-310.png
Viral Pneumonia-279.png,Viral Pneumonia-279.png
COVID-402.png,COVID-402.png
Lung_Opacity-33.png,Lung_Opacity-33.png
COVID-501.png,COVID-501.png
Normal-223.png,Normal-223.png
COVID-324.png,COVID-324.png
Normal-127.png,Normal-127.png
Normal-358.png,Normal-358.png
COVID-653.png,COVID-653.png
COVID-155.png,COVID-155.png
Normal-402.png,Normal-402.png
Viral Pneumonia-241.png,Viral Pneumonia-241.png
Normal-286.png,Normal-286.png
Lung_Opacity-108.png,Lung_Opacity-108.png
COVID-1.png,COVID-1.png
Lung_Opacity-380.png,Lung_Opacity-380.png
Lung_Opacity-201.png,Lung_Opacity-201.png
COVID-679.png,COVID-679.png
Normal-222.png,Normal-222.png
Lung_Opacity-294.png,Lung_Opacity-294.png
COVID-408.png,COVID-408.png
Normal-420.png,Normal-420.png
Lung_Opacity-286.png,Lung_Opacity-286.png
Lung_Opacity-322.png,Lung_Opacity-322.png
Normal-543.png,Normal-543.png
COVID-19.png,COVID-19.png
Viral Pneumonia-22.png,Viral Pneumonia-22.png
Normal-183.png,Normal-183.png
Normal-652.png,Normal-652.png
Normal-664.png,Normal-664.png
COVID-38.png,COVID-38.png
Viral Pneumonia-482.png,Viral Pneumonia-482.png
Lung_Opacity-479.png,Lung_Opacity-479.png
Viral Pneumonia-495.png,Viral Pneumonia-495.png
Normal-385.png,Normal-385.png
Normal-465.png,Normal-465.png
Viral Pneumonia-57.png,Viral Pneumonia-57.png
Lung_Opacity-51.png,Lung_Opacity-51.png
COVID-619.png,COVID-619.png
Lung_Opacity-314.png,Lung_Opacity-314.png
Lung_Opacity-220.png,Lung_Opacity-220.png
Lung_Opacity-464.png,Lung_Opacity-464.png
Lung_Opacity-241.png,Lung_Opacity-241.png
COVID-326.png,COVID-326.png
Viral Pneumonia-336.png,Viral Pneumonia-336.png
Viral Pneumonia-537.png,Viral Pneumonia-537.png
Lung_Opacity-413.png,Lung_Opacity-413.png
Lung_Opacity-276.png,Lung_Opacity-276.png
COVID-448.png,COVID-448.png
Viral Pneumonia-214.png,Viral Pneumonia-214.png
COVID-440.png,COVID-440.png
Viral Pneumonia-169.png,Viral Pneumonia-169.png
Viral Pneumonia-327.png,Viral Pneumonia-327.png
COVID-227.png,COVID-227.png
COVID-382.png,COVID-382.png
Viral Pneumonia-675.png,Viral Pneumonia-675.png
Lung_Opacity-587.png,Lung_Opacity-587.png
Viral Pneumonia-682.png,Viral Pneumonia-682.png
COVID-275.png,COVID-275.png
Viral Pneumonia-407.png,Viral Pneumonia-407.png
Viral Pneumonia-307.png,Viral Pneumonia-307.png
COVID-659.png,COVID-659.png
Viral Pneumonia-83.png,Viral Pneumonia-83.png
Viral Pneumonia-250.png,Viral Pneumonia-250.png
Normal-582.png,Normal-582.png
Lung_Opacity-406.png,Lung_Opacity-406.png
COVID-620.png,COVID-620.png
Normal-490.png,Normal-490.png
Lung_Opacity-209.png,Lung_Opacity-209.png
Lung_Opacity-61.png,Lung_Opacity-61.png
COVID-302.png,COVID-302.png
Normal-303.png,Normal-303.png
Viral Pneumonia-444.png,Viral Pneumonia-444.png
Viral Pneumonia-26.png,Viral Pneumonia-26.png
Lung_Opacity-122.png,Lung_Opacity-122.png
Viral Pneumonia-122.png,Viral Pneumonia-122.png
Viral Pneumonia-546.png,Viral Pneumonia-546.png
COVID-419.png,COVID-419.png
COVID-261.png,COVID-261.png
Viral Pneumonia-380.png,Viral Pneumonia-380.png
Lung_Opacity-110.png,Lung_Opacity-110.png
Normal-571.png,Normal-571.png
Normal-658.png,Normal-658.png
COVID-249.png,COVID-249.png
Lung_Opacity-41.png,Lung_Opacity-41.png
Normal-565.png,Normal-565.png
Lung_Opacity-498.png,Lung_Opacity-498.png
COVID-234.png,COVID-234.png
COVID-352.png,COVID-352.png
Viral Pneumonia-670.png,Viral Pneumonia-670.png
Viral Pneumonia-87.png,Viral Pneumonia-87.png
Viral Pneumonia-332.png,Viral Pneumonia-332.png
COVID-523.png,COVID-523.png
Lung_Opacity-585.png,Lung_Opacity-585.png
Normal-232.png,Normal-232.png
Normal-42.png,Normal-42.png
Viral Pneumonia-202.png,Viral Pneumonia-202.png
Normal-191.png,Normal-191.png
Normal-20.png,Normal-20.png
Lung_Opacity-54.png,Lung_Opacity-54.png
Viral Pneumonia-270.png,Viral Pneumonia-270.png
Normal-175.png,Normal-175.png
Lung_Opacity-85.png,Lung_Opacity-85.png
Normal-47.png,Normal-47.png
Normal-477.png,Normal-477.png
COVID-554.png,COVID-554.png
Normal-28.png,Normal-28.png
Viral Pneumonia-152.png,Viral Pneumonia-152.png
Lung_Opacity-586.png,Lung_Opacity-586.png
Normal-260.png,Normal-260.png
COVID-470.png,COVID-470.png
COVID-450.png,COVID-450.png
Viral Pneumonia-632.png,Viral Pneumonia-632.png
Normal-668.png,Normal-668.png
COVID-541.png,COVID-541.png
COVID-608.png,COVID-608.png
Normal-530.png,Normal-530.png
Viral Pneumonia-99.png,Viral Pneumonia-99.png
Viral Pneumonia-457.png,Viral Pneumonia-457.png
COVID-246.png,COVID-246.png
Lung_Opacity-303.png,Lung_Opacity-303.png
Viral Pneumonia-289.png,Viral Pneumonia-289.png
Lung_Opacity-609.png,Lung_Opacity-609.png
Lung_Opacity-8.png,Lung_Opacity-8.png
Lung_Opacity-480.png,Lung_Opacity-480.png
COVID-232.png,COVID-232.png
Normal-149.png,Normal-149.png
Lung_Opacity-77.png,Lung_Opacity-77.png
COVID-148.png,COVID-148.png
Normal-687.png,Normal-687.png
Lung_Opacity-577.png,Lung_Opacity-577.png
Normal-148.png,Normal-148.png
Normal-564.png,Normal-564.png
Lung_Opacity-447.png,Lung_Opacity-447.png
Lung_Opacity-259.png,Lung_Opacity-259.png
COVID-444.png,COVID-444.png
COVID-312.png,COVID-312.png
Lung_Opacity-633.png,Lung_Opacity-633.png
Viral Pneumonia-395.png,Viral Pneumonia-395.png
Viral Pneumonia-211.png,Viral Pneumonia-211.png
Normal-537.png,Normal-537.png
Lung_Opacity-372.png,Lung_Opacity-372.png
Normal-346.png,Normal-346.png
Viral Pneumonia-678.png,Viral Pneumonia-678.png
Normal-217.png,Normal-217.png
COVID-480.png,COVID-480.png
COVID-520.png,COVID-520.png
COVID-652.png,COVID-652.png
Normal-415.png,Normal-415.png
Lung_Opacity-326.png,Lung_Opacity-326.png
Viral Pneumonia-506.png,Viral Pneumonia-506.png
Viral Pneumonia-449.png,Viral Pneumonia-449.png
COVID-681.png,COVID-681.png
Viral Pneumonia-294.png,Viral Pneumonia-294.png
Lung_Opacity-284.png,Lung_Opacity-284.png
Viral Pneumonia-359.png,Viral Pneumonia-359.png
Normal-519.png,Normal-519.png
Lung_Opacity-430.png,Lung_Opacity-430.png
Lung_Opacity-404.png,Lung_Opacity-404.png
COVID-361.png,COVID-361.png
Normal-379.png,Normal-379.png
Viral Pneumonia-209.png,Viral Pneumonia-209.png
Viral Pneumonia-498.png,Viral Pneumonia-498.png
Normal-590.png,Normal-590.png
Lung_Opacity-20.png,Lung_Opacity-20.png
Viral Pneumonia-95.png,Viral Pneumonia-95.png
Normal-239.png,Normal-239.png
COVID-321.png,COVID-321.png
Lung_Opacity-339.png,Lung_Opacity-339.png
COVID-91.png,COVID-91.png
COVID-229.png,COVID-229.png
COVID-447.png,COVID-447.png
COVID-474.png,COVID-474.png
Normal-172.png,Normal-172.png
COVID-154.png,COVID-154.png
Lung_Opacity-412.png,Lung_Opacity-412.png
Normal-119.png,Normal-119.png
Normal-307.png,Normal-307.png
COVID-197.png,COVID-197.png
Lung_Opacity-228.png,Lung_Opacity-228.png
Viral Pneumonia-116.png,Viral Pneumonia-116.png
Lung_Opacity-126.png,Lung_Opacity-126.png
Viral Pneumonia-442.png,Viral Pneumonia-442.png
Normal-157.png,Normal-157.png
COVID-98.png,COVID-98.png
Viral Pneumonia-681.png,Viral Pneumonia-681.png
Lung_Opacity-198.png,Lung_Opacity-198.png
Viral Pneumonia-164.png,Viral Pneumonia-164.png
Lung_Opacity-471.png,Lung_Opacity-471.png
Lung_Opacity-69.png,Lung_Opacity-69.png
Lung_Opacity-105.png,Lung_Opacity-105.png
Viral Pneumonia-650.png,Viral Pneumonia-650.png
Normal-107.png,Normal-107.png
Normal-21.png,Normal-21.png
Lung_Opacity-661.png,Lung_Opacity-661.png
Viral Pneumonia-325.png,Viral Pneumonia-325.png
COVID-348.png,COVID-348.png
Lung_Opacity-150.png,Lung_Opacity-150.png
Viral Pneumonia-536.png,Viral Pneumonia-536.png
Normal-666.png,Normal-666.png
Viral Pneumonia-176.png,Viral Pneumonia-176.png
COVID-488.png,COVID-488.png
Viral Pneumonia-384.png,Viral Pneumonia-384.png
Lung_Opacity-684.png,Lung_Opacity-684.png
Normal-318.png,Normal-318.png
COVID-279.png,COVID-279.png
COVID-260.png,COVID-260.png
Lung_Opacity-114.png,Lung_Opacity-114.png
COVID-41.png,COVID-41.png
Lung_Opacity-31.png,Lung_Opacity-31.png
Normal-327.png,Normal-327.png
Normal-52.png,Normal-52.png
Normal-654.png,Normal-654.png
Viral Pneumonia-653.png,Viral Pneumonia-653.png
Viral Pneumonia-276.png,Viral Pneumonia-276.png
COVID-103.png,COVID-103.png
COVID-124.png,COVID-124.png
COVID-202.png,COVID-202.png
COVID-266.png,COVID-266.png
Lung_Opacity-445.png,Lung_Opacity-445.png
Normal-311.png,Normal-311.png
Normal-567.png,Normal-567.png
Normal-576.png,Normal-576.png
Viral Pneumonia-338.png,Viral Pneumonia-338.png
Normal-133.png,Normal-133.png
Lung_Opacity-557.png,Lung_Opacity-557.png
Viral Pneumonia-416.png,Viral Pneumonia-416.png
Lung_Opacity-13.png,Lung_Opacity-13.png
COVID-219.png,COVID-219.png
COVID-188.png,COVID-188.png
Viral Pneumonia-427.png,Viral Pneumonia-427.png
COVID-204.png,COVID-204.png
Viral Pneumonia-450.png,Viral Pneumonia-450.png
Viral Pneumonia-614.png,Viral Pneumonia-614.png
Viral Pneumonia-647.png,Viral Pneumonia-647.png
Normal-404.png,Normal-404.png
Lung_Opacity-386.png,Lung_Opacity-386.png
Normal-325.png,Normal-325.png
COVID-182.png,COVID-182.png
Lung_Opacity-526.png,Lung_Opacity-526.png
Lung_Opacity-332.png,Lung_Opacity-332.png
Lung_Opacity-484.png,Lung_Opacity-484.png
Normal-65.png,Normal-65.png
Lung_Opacity-478.png,Lung_Opacity-478.png
Normal-442.png,Normal-442.png
Viral Pneumonia-205.png,Viral Pneumonia-205.png
Viral Pneumonia-190.png,Viral Pneumonia-190.png
Lung_Opacity-555.png,Lung_Opacity-555.png
Lung_Opacity-17.png,Lung_Opacity-17.png
Viral Pneumonia-134.png,Viral Pneumonia-134.png
Viral Pneumonia-171.png,Viral Pneumonia-171.png
COVID-30.png,COVID-30.png
Lung_Opacity-24.png,Lung_Opacity-24.png
Viral Pneumonia-571.png,Viral Pneumonia-571.png
Lung_Opacity-645.png,Lung_Opacity-645.png
Viral Pneumonia-278.png,Viral Pneumonia-278.png
Lung_Opacity-246.png,Lung_Opacity-246.png
Viral Pneumonia-603.png,Viral Pneumonia-603.png
Viral Pneumonia-181.png,Viral Pneumonia-181.png
Lung_Opacity-306.png,Lung_Opacity-306.png
Normal-264.png,Normal-264.png
Normal-667.png,Normal-667.png
COVID-356.png,COVID-356.png
COVID-689.png,COVID-689.png
COVID-206.png,COVID-206.png
Lung_Opacity-507.png,Lung_Opacity-507.png
COVID-618.png,COVID-618.png
Viral Pneumonia-369.png,Viral Pneumonia-369.png
COVID-189.png,COVID-189.png
Normal-35.png,Normal-35.png
Lung_Opacity-347.png,Lung_Opacity-347.png
Lung_Opacity-637.png,Lung_Opacity-637.png
COVID-263.png,COVID-263.png
Lung_Opacity-165.png,Lung_Opacity-165.png
COVID-102.png,COVID-102.png
COVID-145.png,COVID-145.png
Normal-513.png,Normal-513.png
Viral Pneumonia-82.png,Viral Pneumonia-82.png
Viral Pneumonia-210.png,Viral Pneumonia-210.png
Lung_Opacity-96.png,Lung_Opacity-96.png
COVID-59.png,COVID-59.png
Normal-505.png,Normal-505.png
Normal-335.png,Normal-335.png
COVID-97.png,COVID-97.png
COVID-651.png,COVID-651.png
COVID-116.png,COVID-116.png
COVID-529.png,COVID-529.png
Lung_Opacity-593.png,Lung_Opacity-593.png
COVID-288.png,COVID-288.png
Normal-55.png,Normal-55.png
Normal-445.png,Normal-445.png
Normal-93.png,Normal-93.png
Normal-643.png,Normal-643.png
Normal-105.png,Normal-105.png
COVID-589.png,COVID-589.png
COVID-84.png,COVID-84.png
Viral Pneumonia-431.png,Viral Pneumonia-431.png
Viral Pneumonia-165.png,Viral Pneumonia-165.png
Lung_Opacity-463.png,Lung_Opacity-463.png
Normal-206.png,Normal-206.png
Lung_Opacity-91.png,Lung_Opacity-91.png
Normal-433.png,Normal-433.png
Normal-244.png,Normal-244.png
Lung_Opacity-392.png,Lung_Opacity-392.png
Lung_Opacity-455.png,Lung_Opacity-455.png
COVID-526.png,COVID-526.png
Viral Pneumonia-396.png,Viral Pneumonia-396.png
Lung_Opacity-158.png,Lung_Opacity-158.png
Viral Pneumonia-60.png,Viral Pneumonia-60.png
COVID-595.png,COVID-595.png
Lung_Opacity-499.png,Lung_Opacity-499.png
COVID-157.png,COVID-157.png
Normal-454.png,Normal-454.png
Lung_Opacity-113.png,Lung_Opacity-113.png
Normal-412.png,Normal-412.png
Normal-536.png,Normal-536.png
COVID-241.png,COVID-241.png
Viral Pneumonia-620.png,Viral Pneumonia-620.png
Viral Pneumonia-249.png,Viral Pneumonia-249.png
COVID-427.png,COVID-427.png
Normal-527.png,Normal-527.png
Viral Pneumonia-80.png,Viral Pneumonia-80.png
COVID-378.png,COVID-378.png
Lung_Opacity-2.png,Lung_Opacity-2.png
Viral Pneumonia-285.png,Viral Pneumonia-285.png
Normal-430.png,Normal-430.png
Lung_Opacity-575.png,Lung_Opacity-575.png
COVID-70.png,COVID-70.png
Viral Pneumonia-10.png,Viral Pneumonia-10.png
COVID-231.png,COVID-231.png
Lung_Opacity-682.png,Lung_Opacity-682.png
Normal-48.png,Normal-48.png
COVID-61.png,COVID-61.png
Viral Pneumonia-516.png,Viral Pneumonia-516.png
Lung_Opacity-133.png,Lung_Opacity-133.png
Viral Pneumonia-638.png,Viral Pneumonia-638.png
Normal-665.png,Normal-665.png
Lung_Opacity-44.png,Lung_Opacity-44.png
Lung_Opacity-149.png,Lung_Opacity-149.png
Lung_Opacity-594.png,Lung_Opacity-594.png
Lung_Opacity-148.png,Lung_Opacity-148.png
Lung_Opacity-452.png,Lung_Opacity-452.png
COVID-584.png,COVID-584.png
Normal-669.png,Normal-669.png
COVID-25.png,COVID-25.png
Normal-123.png,Normal-123.png
Normal-639.png,Normal-639.png
Lung_Opacity-216.png,Lung_Opacity-216.png
COVID-385.png,COVID-385.png
Normal-409.png,Normal-409.png
Lung_Opacity-640.png,Lung_Opacity-640.png
Viral Pneumonia-590.png,Viral Pneumonia-590.png
Viral Pneumonia-54.png,Viral Pneumonia-54.png
Lung_Opacity-423.png,Lung_Opacity-423.png
Viral Pneumonia-305.png,Viral Pneumonia-305.png
Normal-245.png,Normal-245.png
Normal-99.png,Normal-99.png
Lung_Opacity-533.png,Lung_Opacity-533.png
COVID-95.png,COVID-95.png
Viral Pneumonia-293.png,Viral Pneumonia-293.png
Viral Pneumonia-175.png,Viral Pneumonia-175.png
Normal-251.png,Normal-251.png
Lung_Opacity-420.png,Lung_Opacity-420.png
COVID-655.png,COVID-655.png
COVID-461.png,COVID-461.png
Viral Pneumonia-452.png,Viral Pneumonia-452.png
COVID-344.png,COVID-344.png
Viral Pneumonia-619.png,Viral Pneumonia-619.png
Lung_Opacity-659.png,Lung_Opacity-659.png
Lung_Opacity-247.png,Lung_Opacity-247.png
Normal-49.png,Normal-49.png
COVID-336.png,COVID-336.png
Normal-676.png,Normal-676.png
Lung_Opacity-217.png,Lung_Opacity-217.png
COVID-677.png,COVID-677.png
Normal-162.png,Normal-162.png
COVID-390.png,COVID-390.png
Normal-418.png,Normal-418.png
COVID-413.png,COVID-413.png
COVID-58.png,COVID-58.png
Lung_Opacity-136.png,Lung_Opacity-136.png
COVID-105.png,COVID-105.png
Viral Pneumonia-598.png,Viral Pneumonia-598.png
COVID-398.png,COVID-398.png
COVID-144.png,COVID-144.png
Lung_Opacity-440.png,Lung_Opacity-440.png
Lung_Opacity-381.png,Lung_Opacity-381.png
COVID-350.png,COVID-350.png
Lung_Opacity-248.png,Lung_Opacity-248.png
COVID-561.png,COVID-561.png
Lung_Opacity-631.png,Lung_Opacity-631.png
COVID-590.png,COVID-590.png
Lung_Opacity-342.png,Lung_Opacity-342.png
Viral Pneumonia-513.png,Viral Pneumonia-513.png
Lung_Opacity-529.png,Lung_Opacity-529.png
Lung_Opacity-651.png,Lung_Opacity-651.png
Lung_Opacity-189.png,Lung_Opacity-189.png
COVID-669.png,COVID-669.png
Viral Pneumonia-50.png,Viral Pneumonia-50.png
Viral Pneumonia-225.png,Viral Pneumonia-225.png
Viral Pneumonia-243.png,Viral Pneumonia-243.png
Viral Pneumonia-648.png,Viral Pneumonia-648.png
COVID-24.png,COVID-24.png
COVID-17.png,COVID-17.png
Viral Pneumonia-232.png,Viral Pneumonia-232.png
Normal-638.png,Normal-638.png
Normal-470.png,Normal-470.png
Normal-60.png,Normal-60.png
COVID-90.png,COVID-90.png
Lung_Opacity-14.png,Lung_Opacity-14.png
Viral Pneumonia-157.png,Viral Pneumonia-157.png
Lung_Opacity-402.png,Lung_Opacity-402.png
Lung_Opacity-331.png,Lung_Opacity-331.png
Normal-214.png,Normal-214.png
Normal-56.png,Normal-56.png
Normal-112.png,Normal-112.png
COVID-542.png,COVID-542.png
Lung_Opacity-627.png,Lung_Opacity-627.png
Viral Pneumonia-282.png,Viral Pneumonia-282.png
Normal-391.png,Normal-391.png
Lung_Opacity-204.png,Lung_Opacity-204.png
Lung_Opacity-337.png,Lung_Opacity-337.png
COVID-51.png,COVID-51.png
Viral Pneumonia-575.png,Viral Pneumonia-575.png
COVID-490.png,COVID-490.png
COVID-318.png,COVID-318.png
Lung_Opacity-168.png,Lung_Opacity-168.png
Normal-32.png,Normal-32.png
Normal-17.png,Normal-17.png
COVID-122.png,COVID-122.png
Normal-491.png,Normal-491.png
COVID-369.png,COVID-369.png
Lung_Opacity-482.png,Lung_Opacity-482.png
Lung_Opacity-321.png,Lung_Opacity-321.png
Lung_Opacity-681.png,Lung_Opacity-681.png
Viral Pneumonia-465.png,Viral Pneumonia-465.png
Viral Pneumonia-109.png,Viral Pneumonia-109.png
Viral Pneumonia-212.png,Viral Pneumonia-212.png
Lung_Opacity-312.png,Lung_Opacity-312.png
Lung_Opacity-180.png,Lung_Opacity-180.png
COVID-235.png,COVID-235.png
Lung_Opacity-544.png,Lung_Opacity-544.png
Lung_Opacity-466.png,Lung_Opacity-466.png
Lung_Opacity-618.png,Lung_Opacity-618.png
Viral Pneumonia-69.png,Viral Pneumonia-69.png
Normal-633.png,Normal-633.png
Lung_Opacity-302.png,Lung_Opacity-302.png
Normal-193.png,Normal-193.png
Normal-656.png,Normal-656.png
Viral Pneumonia-207.png,Viral Pneumonia-207.png
COVID-199.png,COVID-199.png
COVID-175.png,COVID-175.png
Normal-449.png,Normal-449.png
COVID-244.png,COVID-244.png
Lung_Opacity-250.png,Lung_Opacity-250.png
Lung_Opacity-350.png,Lung_Opacity-350.png
Normal-342.png,Normal-342.png
Normal-429.png,Normal-429.png
COVID-191.png,COVID-191.png
COVID-421.png,COVID-421.png
Viral Pneumonia-312.png,Viral Pneumonia-312.png
Normal-144.png,Normal-144.png
Viral Pneumonia-342.png,Viral Pneumonia-342.png
Viral Pneumonia-79.png,Viral Pneumonia-79.png
COVID-414.png,COVID-414.png
Normal-360.png,Normal-360.png
Viral Pneumonia-607.png,Viral Pneumonia-607.png
COVID-135.png,COVID-135.png
Lung_Opacity-290.png,Lung_Opacity-290.png
Normal-170.png,Normal-170.png
Viral Pneumonia-655.png,Viral Pneumonia-655.png
Viral Pneumonia-400.png,Viral Pneumonia-400.png
COVID-685.png,COVID-685.png
COVID-463.png,COVID-463.png
Normal-199.png,Normal-199.png
COVID-528.png,COVID-528.png
Normal-594.png,Normal-594.png
Lung_Opacity-563.png,Lung_Opacity-563.png
Viral Pneumonia-310.png,Viral Pneumonia-310.png
Lung_Opacity-446.png,Lung_Opacity-446.png
Lung_Opacity-16.png,Lung_Opacity-16.png
COVID-484.png,COVID-484.png
Normal-4.png,Normal-4.png
Viral Pneumonia-84.png,Viral Pneumonia-84.png
Normal-400.png,Normal-400.png
Normal-351.png,Normal-351.png
Lung_Opacity-199.png,Lung_Opacity-199.png
Lung_Opacity-360.png,Lung_Opacity-360.png
Viral Pneumonia-445.png,Viral Pneumonia-445.png
Normal-70.png,Normal-70.png
COVID-11.png,COVID-11.png
Normal-234.png,Normal-234.png
Lung_Opacity-116.png,Lung_Opacity-116.png
Normal-682.png,Normal-682.png
COVID-377.png,COVID-377.png
Viral Pneumonia-321.png,Viral Pneumonia-321.png
Lung_Opacity-437.png,Lung_Opacity-437.png
COVID-208.png,COVID-208.png
Lung_Opacity-513.png,Lung_Opacity-513.png
Viral Pneumonia-237.png,Viral Pneumonia-237.png
COVID-658.png,COVID-658.png
Viral Pneumonia-24.png,Viral Pneumonia-24.png
Normal-80.png,Normal-80.png
Viral Pneumonia-461.png,Viral Pneumonia-461.png
Lung_Opacity-210.png,Lung_Opacity-210.png
COVID-215.png,COVID-215.png
Viral Pneumonia-283.png,Viral Pneumonia-283.png
Viral Pneumonia-153.png,Viral Pneumonia-153.png
Viral Pneumonia-291.png,Viral Pneumonia-291.png
Normal-476.png,Normal-476.png
Viral Pneumonia-686.png,Viral Pneumonia-686.png
COVID-500.png,COVID-500.png
COVID-78.png,COVID-78.png
Normal-302.png,Normal-302.png
Normal-563.png,Normal-563.png
Viral Pneumonia-329.png,Viral Pneumonia-329.png
Viral Pneumonia-585.png,Viral Pneumonia-585.png
Normal-637.png,Normal-637.png
Viral Pneumonia-559.png,Viral Pneumonia-559.png
Normal-614.png,Normal-614.png
Viral Pneumonia-306.png,Viral Pneumonia-306.png
Lung_Opacity-598.png,Lung_Opacity-598.png
Lung_Opacity-534.png,Lung_Opacity-534.png
Lung_Opacity-269.png,Lung_Opacity-269.png
Lung_Opacity-60.png,Lung_Opacity-60.png
Normal-71.png,Normal-71.png
Normal-114.png,Normal-114.png
Normal-620.png,Normal-620.png
COVID-543.png,COVID-543.png
Lung_Opacity-273.png,Lung_Opacity-273.png
Viral Pneumonia-11.png,Viral Pneumonia-11.png
Normal-623.png,Normal-623.png
Lung_Opacity-50.png,Lung_Opacity-50.png
Normal-574.png,Normal-574.png
Viral Pneumonia-429.png,Viral Pneumonia-429.png
Lung_Opacity-93.png,Lung_Opacity-93.png
Normal-463.png,Normal-463.png
Lung_Opacity-262.png,Lung_Opacity-262.png
Lung_Opacity-527.png,Lung_Opacity-527.png
Viral Pneumonia-295.png,Viral Pneumonia-295.png
Normal-553.png,Normal-553.png
Lung_Opacity-72.png,Lung_Opacity-72.png
COVID-662.png,COVID-662.png
COVID-77.png,COVID-77.png
COVID-264.png,COVID-264.png
Normal-309.png,Normal-309.png
Viral Pneumonia-651.png,Viral Pneumonia-651.png
Normal-51.png,Normal-51.png
Lung_Opacity-238.png,Lung_Opacity-238.png
Normal-533.png,Normal-533.png
COVID-383.png,COVID-383.png
Viral Pneumonia-345.png,Viral Pneumonia-345.png
Normal-229.png,Normal-229.png
Viral Pneumonia-439.png,Viral Pneumonia-439.png
COVID-169.png,COVID-169.png
COVID-268.png,COVID-268.png
Lung_Opacity-208.png,Lung_Opacity-208.png
COVID-238.png,COVID-238.png
Normal-381.png,Normal-381.png
Lung_Opacity-614.png,Lung_Opacity-614.png
Viral Pneumonia-251.png,Viral Pneumonia-251.png
Viral Pneumonia-494.png,Viral Pneumonia-494.png
Lung_Opacity-626.png,Lung_Opacity-626.png
COVID-290.png,COVID-290.png
COVID-209.png,COVID-209.png
Viral Pneumonia-511.png,Viral Pneumonia-511.png
Viral Pneumonia-170.png,Viral Pneumonia-170.png
Normal-293.png,Normal-293.png
COVID-633.png,COVID-633.png
Lung_Opacity-215.png,Lung_Opacity-215.png
Normal-259.png,Normal-259.png
Normal-195.png,Normal-195.png
Normal-386.png,Normal-386.png
Normal-221.png,Normal-221.png
Lung_Opacity-39.png,Lung_Opacity-39.png
Normal-396.png,Normal-396.png
Normal-561.png,Normal-561.png
COVID-254.png,COVID-254.png
Normal-572.png,Normal-572.png
Viral Pneumonia-652.png,Viral Pneumonia-652.png
COVID-670.png,COVID-670.png
COVID-129.png,COVID-129.png
Normal-249.png,Normal-249.png
Lung_Opacity-338.png,Lung_Opacity-338.png
COVID-63.png,COVID-63.png
Viral Pneumonia-150.png,Viral Pneumonia-150.png
Lung_Opacity-132.png,Lung_Opacity-132.png
Normal-109.png,Normal-109.png
Viral Pneumonia-592.png,Viral Pneumonia-592.png
Normal-617.png,Normal-617.png
Viral Pneumonia-35.png,Viral Pneumonia-35.png
Normal-562.png,Normal-562.png
Viral Pneumonia-240.png,Viral Pneumonia-240.png
Viral Pneumonia-158.png,Viral Pneumonia-158.png
COVID-48.png,COVID-48.png
Lung_Opacity-71.png,Lung_Opacity-71.png
Normal-196.png,Normal-196.png
Viral Pneumonia-357.png,Viral Pneumonia-357.png
COVID-37.png,COVID-37.png
Lung_Opacity-316.png,Lung_Opacity-316.png
Viral Pneumonia-399.png,Viral Pneumonia-399.png
Normal-106.png,Normal-106.png
Normal-468.png,Normal-468.png
COVID-456.png,COVID-456.png
Normal-190.png,Normal-190.png
COVID-203.png,COVID-203.png
Viral Pneumonia-160.png,Viral Pneumonia-160.png
Viral Pneumonia-198.png,Viral Pneumonia-198.png
Lung_Opacity-229.png,Lung_Opacity-229.png
Normal-542.png,Normal-542.png
Normal-2.png,Normal-2.png
Lung_Opacity-323.png,Lung_Opacity-323.png
Lung_Opacity-281.png,Lung_Opacity-281.png
Lung_Opacity-565.png,Lung_Opacity-565.png
Normal-15.png,Normal-15.png
Viral Pneumonia-256.png,Viral Pneumonia-256.png
Lung_Opacity-53.png,Lung_Opacity-53.png
COVID-491.png,COVID-491.png
Lung_Opacity-231.png,Lung_Opacity-231.png
Viral Pneumonia-381.png,Viral Pneumonia-381.png
Normal-446.png,Normal-446.png
Normal-580.png,Normal-580.png
COVID-180.png,COVID-180.png
COVID-616.png,COVID-616.png
Viral Pneumonia-458.png,Viral Pneumonia-458.png
Lung_Opacity-462.png,Lung_Opacity-462.png
Normal-462.png,Normal-462.png
Normal-72.png,Normal-72.png
Normal-380.png,Normal-380.png
COVID-295.png,COVID-295.png
COVID-170.png,COVID-170.png
COVID-442.png,COVID-442.png
COVID-478.png,COVID-478.png
COVID-294.png,COVID-294.png
Normal-611.png,Normal-611.png
Normal-158.png,Normal-158.png
Lung_Opacity-652.png,Lung_Opacity-652.png
COVID-333.png,COVID-333.png
COVID-160.png,COVID-160.png
Normal-313.png,Normal-313.png
Viral Pneumonia-564.png,Viral Pneumonia-564.png
Normal-443.png,Normal-443.png
Viral Pneumonia-489.png,Viral Pneumonia-489.png
COVID-647.png,COVID-647.png
Viral Pneumonia-460.png,Viral Pneumonia-460.png
Normal-517.png,Normal-517.png
Lung_Opacity-492.png,Lung_Opacity-492.png
Viral Pneumonia-101.png,Viral Pneumonia-101.png
Lung_Opacity-79.png,Lung_Opacity-79.png
Lung_Opacity-617.png,Lung_Opacity-617.png
Lung_Opacity-451.png,Lung_Opacity-451.png
Viral Pneumonia-574.png,Viral Pneumonia-574.png
COVID-252.png,COVID-252.png
COVID-462.png,COVID-462.png
Normal-146.png,Normal-146.png
COVID-99.png,COVID-99.png
COVID-50.png,COVID-50.png
Lung_Opacity-419.png,Lung_Opacity-419.png
Lung_Opacity-664.png,Lung_Opacity-664.png
COVID-71.png,COVID-71.png
COVID-287.png,COVID-287.png
COVID-89.png,COVID-89.png
Normal-102.png,Normal-102.png
Normal-457.png,Normal-457.png
COVID-110.png,COVID-110.png
Lung_Opacity-393.png,Lung_Opacity-393.png
Normal-531.png,Normal-531.png
Normal-288.png,Normal-288.png
COVID-107.png,COVID-107.png
Normal-276.png,Normal-276.png
Normal-678.png,Normal-678.png
Lung_Opacity-300.png,Lung_Opacity-300.png
COVID-496.png,COVID-496.png
Normal-117.png,Normal-117.png
Viral Pneumonia-362.png,Viral Pneumonia-362.png
COVID-128.png,COVID-128.png
Viral Pneumonia-49.png,Viral Pneumonia-49.png
COVID-139.png,COVID-139.png
COVID-363.png,COVID-363.png
COVID-577.png,COVID-577.png
Normal-31.png,Normal-31.png
COVID-177.png,COVID-177.png
Lung_Opacity-383.png,Lung_Opacity-383.png
Lung_Opacity-470.png,Lung_Opacity-470.png
Viral Pneumonia-34.png,Viral Pneumonia-34.png
Normal-524.png,Normal-524.png
Normal-81.png,Normal-81.png
Viral Pneumonia-491.png,Viral Pneumonia-491.png
Normal-651.png,Normal-651.png
Lung_Opacity-416.png,Lung_Opacity-416.png
COVID-165.png,COVID-165.png
Viral Pneumonia-569.png,Viral Pneumonia-569.png
Normal-45.png,Normal-45.png
Lung_Opacity-607.png,Lung_Opacity-607.png
Lung_Opacity-345.png,Lung_Opacity-345.png
Normal-7.png,Normal-7.png
Normal-481.png,Normal-481.png
COVID-141.png,COVID-141.png
Viral Pneumonia-463.png,Viral Pneumonia-463.png
Normal-166.png,Normal-166.png
Viral Pneumonia-531.png,Viral Pneumonia-531.png
Normal-508.png,Normal-508.png
Normal-268.png,Normal-268.png
Viral Pneumonia-203.png,Viral Pneumonia-203.png
Normal-160.png,Normal-160.png
Lung_Opacity-367.png,Lung_Opacity-367.png
Lung_Opacity-650.png,Lung_Opacity-650.png
Viral Pneumonia-341.png,Viral Pneumonia-341.png
Lung_Opacity-475.png,Lung_Opacity-475.png
COVID-265.png,COVID-265.png
Lung_Opacity-236.png,Lung_Opacity-236.png
COVID-606.png,COVID-606.png
COVID-259.png,COVID-259.png
Viral Pneumonia-561.png,Viral Pneumonia-561.png
Normal-50.png,Normal-50.png
Normal-645.png,Normal-645.png
Normal-331.png,Normal-331.png
Viral Pneumonia-428.png,Viral Pneumonia-428.png
COVID-216.png,COVID-216.png
Viral Pneumonia-138.png,Viral Pneumonia-138.png
Normal-586.png,Normal-586.png
Lung_Opacity-178.png,Lung_Opacity-178.png
Lung_Opacity-486.png,Lung_Opacity-486.png
Normal-368.png,Normal-368.png
Viral Pneumonia-680.png,Viral Pneumonia-680.png
Lung_Opacity-573.png,Lung_Opacity-573.png
COVID-667.png,COVID-667.png
Viral Pneumonia-32.png,Viral Pneumonia-32.png
Normal-273.png,Normal-273.png
Normal-661.png,Normal-661.png
Normal-332.png,Normal-332.png
Lung_Opacity-605.png,Lung_Opacity-605.png
Viral Pneumonia-467.png,Viral Pneumonia-467.png
Viral Pneumonia-597.png,Viral Pneumonia-597.png
Lung_Opacity-297.png,Lung_Opacity-297.png
Lung_Opacity-629.png,Lung_Opacity-629.png
Viral Pneumonia-383.png,Viral Pneumonia-383.png
Normal-22.png,Normal-22.png
Lung_Opacity-43.png,Lung_Opacity-43.png
COVID-365.png,COVID-365.png
Lung_Opacity-592.png,Lung_Opacity-592.png
Lung_Opacity-109.png,Lung_Opacity-109.png
Lung_Opacity-256.png,Lung_Opacity-256.png
Viral Pneumonia-617.png,Viral Pneumonia-617.png
Normal-395.png,Normal-395.png
Lung_Opacity-203.png,Lung_Opacity-203.png
Viral Pneumonia-602.png,Viral Pneumonia-602.png
Normal-673.png,Normal-673.png
Lung_Opacity-566.png,Lung_Opacity-566.png
Lung_Opacity-103.png,Lung_Opacity-103.png
Normal-238.png,Normal-238.png
Lung_Opacity-685.png,Lung_Opacity-685.png
Lung_Opacity-346.png,Lung_Opacity-346.png
Normal-178.png,Normal-178.png
Lung_Opacity-379.png,Lung_Opacity-379.png
Lung_Opacity-330.png,Lung_Opacity-330.png
Lung_Opacity-67.png,Lung_Opacity-67.png
Viral Pneumonia-236.png,Viral Pneumonia-236.png
COVID-66.png,COVID-66.png
Lung_Opacity-263.png,Lung_Opacity-263.png
COVID-328.png,COVID-328.png
Normal-498.png,Normal-498.png
Lung_Opacity-599.png,Lung_Opacity-599.png
Viral Pneumonia-191.png,Viral Pneumonia-191.png
Viral Pneumonia-423.png,Viral Pneumonia-423.png
COVID-555.png,COVID-555.png
COVID-137.png,COVID-137.png
COVID-522.png,COVID-522.png
Lung_Opacity-373.png,Lung_Opacity-373.png
COVID-429.png,COVID-429.png
COVID-464.png,COVID-464.png
Viral Pneumonia-192.png,Viral Pneumonia-192.png
Viral Pneumonia-33.png,Viral Pneumonia-33.png
Normal-131.png,Normal-131.png
COVID-487.png,COVID-487.png
Normal-484.png,Normal-484.png
Viral Pneumonia-639.png,Viral Pneumonia-639.png
COVID-431.png,COVID-431.png
COVID-101.png,COVID-101.png
COVID-120.png,COVID-120.png
Viral Pneumonia-308.png,Viral Pneumonia-308.png
Normal-655.png,Normal-655.png
Lung_Opacity-411.png,Lung_Opacity-411.png
Normal-624.png,Normal-624.png
Viral Pneumonia-58.png,Viral Pneumonia-58.png
Normal-39.png,Normal-39.png
Normal-410.png,Normal-410.png
COVID-536.png,COVID-536.png
Viral Pneumonia-662.png,Viral Pneumonia-662.png
Viral Pneumonia-40.png,Viral Pneumonia-40.png
Normal-344.png,Normal-344.png
Viral Pneumonia-297.png,Viral Pneumonia-297.png
COVID-580.png,COVID-580.png
Normal-139.png,Normal-139.png
Viral Pneumonia-446.png,Viral Pneumonia-446.png
COVID-186.png,COVID-186.png
Normal-532.png,Normal-532.png
COVID-646.png,COVID-646.png
Viral Pneumonia-20.png,Viral Pneumonia-20.png
COVID-395.png,COVID-395.png
COVID-573.png,COVID-573.png
Viral Pneumonia-478.png,Viral Pneumonia-478.png
Normal-416.png,Normal-416.png
COVID-26.png,COVID-26.png
COVID-430.png,COVID-430.png
Lung_Opacity-429.png,Lung_Opacity-429.png
Viral Pneumonia-542.png,Viral Pneumonia-542.png
Normal-142.png,Normal-142.png
Lung_Opacity-663.png,Lung_Opacity-663.png
Viral Pneumonia-173.png,Viral Pneumonia-173.png
Normal-341.png,Normal-341.png
COVID-85.png,COVID-85.png
Normal-679.png,Normal-679.png
Viral Pneumonia-74.png,Viral Pneumonia-74.png
Viral Pneumonia-578.png,Viral Pneumonia-578.png
Viral Pneumonia-517.png,Viral Pneumonia-517.png
Viral Pneumonia-518.png,Viral Pneumonia-518.png
COVID-283.png,COVID-283.png
Viral Pneumonia-114.png,Viral Pneumonia-114.png
Lung_Opacity-142.png,Lung_Opacity-142.png
Normal-277.png,Normal-277.png
Normal-516.png,Normal-516.png
Normal-608.png,Normal-608.png
Lung_Opacity-296.png,Lung_Opacity-296.png
Normal-414.png,Normal-414.png
Lung_Opacity-171.png,Lung_Opacity-171.png
COVID-437.png,COVID-437.png
Lung_Opacity-265.png,Lung_Opacity-265.png
Viral Pneumonia-27.png,Viral Pneumonia-27.png
COVID-457.png,COVID-457.png
COVID-565.png,COVID-565.png
Viral Pneumonia-355.png,Viral Pneumonia-355.png
Lung_Opacity-234.png,Lung_Opacity-234.png
Lung_Opacity-584.png,Lung_Opacity-584.png
Viral Pneumonia-223.png,Viral Pneumonia-223.png
Viral Pneumonia-376.png,Viral Pneumonia-376.png
COVID-56.png,COVID-56.png
Viral Pneumonia-88.png,Viral Pneumonia-88.png
COVID-485.png,COVID-485.png
Normal-29.png,Normal-29.png
COVID-55.png,COVID-55.png
Lung_Opacity-638.png,Lung_Opacity-638.png
COVID-131.png,COVID-131.png
Viral Pneumonia-661.png,Viral Pneumonia-661.png
Lung_Opacity-357.png,Lung_Opacity-357.png
Lung_Opacity-579.png,Lung_Opacity-579.png
Lung_Opacity-121.png,Lung_Opacity-121.png
Viral Pneumonia-422.png,Viral Pneumonia-422.png
COVID-438.png,COVID-438.png
Viral Pneumonia-17.png,Viral Pneumonia-17.png
COVID-475.png,COVID-475.png
Normal-559.png,Normal-559.png
Lung_Opacity-315.png,Lung_Opacity-315.png
Normal-452.png,Normal-452.png
Viral Pneumonia-382.png,Viral Pneumonia-382.png
Viral Pneumonia-469.png,Viral Pneumonia-469.png
Normal-187.png,Normal-187.png
Viral Pneumonia-455.png,Viral Pneumonia-455.png
COVID-83.png,COVID-83.png
Viral Pneumonia-255.png,Viral Pneumonia-255.png
Viral Pneumonia-335.png,Viral Pneumonia-335.png
COVID-147.png,COVID-147.png
Viral Pneumonia-107.png,Viral Pneumonia-107.png
COVID-109.png,COVID-109.png
Viral Pneumonia-215.png,Viral Pneumonia-215.png
Viral Pneumonia-385.png,Viral Pneumonia-385.png
COVID-134.png,COVID-134.png
Normal-671.png,Normal-671.png
Viral Pneumonia-464.png,Viral Pneumonia-464.png
Normal-132.png,Normal-132.png
Lung_Opacity-353.png,Lung_Opacity-353.png
Normal-137.png,Normal-137.png
COVID-412.png,COVID-412.png
Normal-610.png,Normal-610.png
COVID-609.png,COVID-609.png
Normal-419.png,Normal-419.png
Lung_Opacity-78.png,Lung_Opacity-78.png
Normal-329.png,Normal-329.png
Viral Pneumonia-440.png,Viral Pneumonia-440.png
Viral Pneumonia-267.png,Viral Pneumonia-267.png
Lung_Opacity-606.png,Lung_Opacity-606.png
COVID-477.png,COVID-477.png
Lung_Opacity-616.png,Lung_Opacity-616.png
Lung_Opacity-438.png,Lung_Opacity-438.png
Viral Pneumonia-61.png,Viral Pneumonia-61.png
COVID-277.png,COVID-277.png
Viral Pneumonia-311.png,Viral Pneumonia-311.png
Normal-330.png,Normal-330.png
COVID-518.png,COVID-518.png
Viral Pneumonia-257.png,Viral Pneumonia-257.png
Viral Pneumonia-360.png,Viral Pneumonia-360.png
Normal-525.png,Normal-525.png
COVID-228.png,COVID-228.png
Lung_Opacity-32.png,Lung_Opacity-32.png
Lung_Opacity-424.png,Lung_Opacity-424.png
Viral Pneumonia-393.png,Viral Pneumonia-393.png
Viral Pneumonia-434.png,Viral Pneumonia-434.png
Lung_Opacity-272.png,Lung_Opacity-272.png
Lung_Opacity-426.png,Lung_Opacity-426.png
COVID-205.png,COVID-205.png
Lung_Opacity-456.png,Lung_Opacity-456.png
Lung_Opacity-612.png,Lung_Opacity-612.png
Normal-496.png,Normal-496.png
Lung_Opacity-46.png,Lung_Opacity-46.png
Viral Pneumonia-102.png,Viral Pneumonia-102.png
Normal-627.png,Normal-627.png
Viral Pneumonia-86.png,Viral Pneumonia-86.png
COVID-332.png,COVID-332.png
COVID-343.png,COVID-343.png
Normal-151.png,Normal-151.png
Lung_Opacity-328.png,Lung_Opacity-328.png
Viral Pneumonia-551.png,Viral Pneumonia-551.png
COVID-664.png,COVID-664.png
Lung_Opacity-227.png,Lung_Opacity-227.png
Normal-76.png,Normal-76.png
Lung_Opacity-137.png,Lung_Opacity-137.png
COVID-18.png,COVID-18.png
Normal-308.png,Normal-308.png
Lung_Opacity-219.png,Lung_Opacity-219.png
Lung_Opacity-469.png,Lung_Opacity-469.png
Lung_Opacity-147.png,Lung_Opacity-147.png
Lung_Opacity-177.png,Lung_Opacity-177.png
Lung_Opacity-457.png,Lung_Opacity-457.png
COVID-583.png,COVID-583.png
COVID-533.png,COVID-533.png
COVID-340.png,COVID-340.png
Lung_Opacity-572.png,Lung_Opacity-572.png
Lung_Opacity-283.png,Lung_Opacity-283.png
Viral Pneumonia-260.png,Viral Pneumonia-260.png
Normal-629.png,Normal-629.png
COVID-72.png,COVID-72.png
Lung_Opacity-325.png,Lung_Opacity-325.png
Viral Pneumonia-421.png,Viral Pneumonia-421.png
COVID-627.png,COVID-627.png
Lung_Opacity-123.png,Lung_Opacity-123.png
COVID-400.png,COVID-400.png
Normal-63.png,Normal-63.png
Normal-290.png,Normal-290.png
Normal-526.png,Normal-526.png
COVID-593.png,COVID-593.png
Viral Pneumonia-224.png,Viral Pneumonia-224.png
COVID-330.png,COVID-330.png
Viral Pneumonia-44.png,Viral Pneumonia-44.png
COVID-319.png,COVID-319.png
COVID-140.png,COVID-140.png
Viral Pneumonia-533.png,Viral Pneumonia-533.png
Lung_Opacity-253.png,Lung_Opacity-253.png
COVID-123.png,COVID-123.png
Lung_Opacity-81.png,Lung_Opacity-81.png
COVID-230.png,COVID-230.png
Lung_Opacity-441.png,Lung_Opacity-441.png
Normal-350.png,Normal-350.png
Lung_Opacity-655.png,Lung_Opacity-655.png
Viral Pneumonia-127.png,Viral Pneumonia-127.png
Normal-212.png,Normal-212.png
Viral Pneumonia-229.png,Viral Pneumonia-229.png
Viral Pneumonia-148.png,Viral Pneumonia-148.png
COVID-64.png,COVID-64.png
Viral Pneumonia-271.png,Viral Pneumonia-271.png
COVID-65.png,COVID-65.png
Viral Pneumonia-391.png,Viral Pneumonia-391.png
Viral Pneumonia-204.png,Viral Pneumonia-204.png
Viral Pneumonia-658.png,Viral Pneumonia-658.png
Viral Pneumonia-197.png,Viral Pneumonia-197.png
Lung_Opacity-156.png,Lung_Opacity-156.png
Normal-281.png,Normal-281.png
COVID-351.png,COVID-351.png
Normal-485.png,Normal-485.png
COVID-298.png,COVID-298.png
Lung_Opacity-40.png,Lung_Opacity-40.png
Viral Pneumonia-432.png,Viral Pneumonia-432.png
Viral Pneumonia-677.png,Viral Pneumonia-677.png
Viral Pneumonia-410.png,Viral Pneumonia-410.png
Normal-324.png,Normal-324.png
COVID-285.png,COVID-285.png
COVID-195.png,COVID-195.png
Lung_Opacity-632.png,Lung_Opacity-632.png
Lung_Opacity-289.png,Lung_Opacity-289.png
Lung_Opacity-432.png,Lung_Opacity-432.png
COVID-416.png,COVID-416.png
Lung_Opacity-167.png,Lung_Opacity-167.png
Lung_Opacity-64.png,Lung_Opacity-64.png
COVID-166.png,COVID-166.png
Normal-319.png,Normal-319.png
COVID-349.png,COVID-349.png
COVID-381.png,COVID-381.png
Normal-129.png,Normal-129.png
Viral Pneumonia-76.png,Viral Pneumonia-76.png
COVID-582.png,COVID-582.png
Viral Pneumonia-320.png,Viral Pneumonia-320.png
Viral Pneumonia-668.png,Viral Pneumonia-668.png
COVID-173.png,COVID-173.png
Lung_Opacity-275.png,Lung_Opacity-275.png
Lung_Opacity-567.png,Lung_Opacity-567.png
Normal-434.png,Normal-434.png
Normal-387.png,Normal-387.png
Normal-551.png,Normal-551.png
Normal-426.png,Normal-426.png
Lung_Opacity-559.png,Lung_Opacity-559.png
Normal-261.png,Normal-261.png
Lung_Opacity-530.png,Lung_Opacity-530.png
Viral Pneumonia-637.png,Viral Pneumonia-637.png
COVID-364.png,COVID-364.png
COVID-599.png,COVID-599.png
COVID-660.png,COVID-660.png
Normal-593.png,Normal-593.png
Lung_Opacity-152.png,Lung_Opacity-152.png
Normal-598.png,Normal-598.png
Viral Pneumonia-671.png,Viral Pneumonia-671.png
Normal-552.png,Normal-552.png
Viral Pneumonia-18.png,Viral Pneumonia-18.png
Viral Pneumonia-437.png,Viral Pneumonia-437.png
COVID-311.png,COVID-311.png
Viral Pneumonia-140.png,Viral Pneumonia-140.png
Lung_Opacity-254.png,Lung_Opacity-254.png
Viral Pneumonia-227.png,Viral Pneumonia-227.png
COVID-387.png,COVID-387.png
Lung_Opacity-646.png,Lung_Opacity-646.png
Normal-411.png,Normal-411.png
Lung_Opacity-536.png,Lung_Opacity-536.png
Normal-128.png,Normal-128.png
Normal-382.png,Normal-382.png
Viral Pneumonia-403.png,Viral Pneumonia-403.png
Normal-522.png,Normal-522.png
Normal-275.png,Normal-275.png
Viral Pneumonia-65.png,Viral Pneumonia-65.png
Lung_Opacity-38.png,Lung_Opacity-38.png
COVID-673.png,COVID-673.png
Normal-504.png,Normal-504.png
Lung_Opacity-56.png,Lung_Opacity-56.png
Viral Pneumonia-142.png,Viral Pneumonia-142.png
Viral Pneumonia-679.png,Viral Pneumonia-679.png
Lung_Opacity-477.png,Lung_Opacity-477.png
Normal-352.png,Normal-352.png
COVID-525.png,COVID-525.png
Normal-75.png,Normal-75.png
Normal-240.png,Normal-240.png
Lung_Opacity-47.png,Lung_Opacity-47.png
Normal-242.png,Normal-242.png
COVID-250.png,COVID-250.png
Lung_Opacity-311.png,Lung_Opacity-311.png
COVID-225.png,COVID-225.png
Normal-95.png,Normal-95.png
Lung_Opacity-562.png,Lung_Opacity-562.png
Lung_Opacity-285.png,Lung_Opacity-285.png
Viral Pneumonia-570.png,Viral Pneumonia-570.png
Normal-274.png,Normal-274.png
Viral Pneumonia-315.png,Viral Pneumonia-315.png
Viral Pneumonia-484.png,Viral Pneumonia-484.png
Viral Pneumonia-601.png,Viral Pneumonia-601.png
Lung_Opacity-545.png,Lung_Opacity-545.png
Lung_Opacity-192.png,Lung_Opacity-192.png
COVID-164.png,COVID-164.png
Normal-336.png,Normal-336.png
Lung_Opacity-98.png,Lung_Opacity-98.png
COVID-548.png,COVID-548.png
COVID-638.png,COVID-638.png
Lung_Opacity-648.png,Lung_Opacity-648.png
Viral Pneumonia-649.png,Viral Pneumonia-649.png
Viral Pneumonia-337.png,Viral Pneumonia-337.png
Viral Pneumonia-4.png,Viral Pneumonia-4.png
Lung_Opacity-541.png,Lung_Opacity-541.png
COVID-482.png,COVID-482.png
Lung_Opacity-282.png,Lung_Opacity-282.png
COVID-151.png,COVID-151.png
COVID-320.png,COVID-320.png
Normal-6.png,Normal-6.png
Lung_Opacity-268.png,Lung_Opacity-268.png
Viral Pneumonia-622.png,Viral Pneumonia-622.png
COVID-460.png,COVID-460.png
Viral Pneumonia-520.png,Viral Pneumonia-520.png
Normal-570.png,Normal-570.png
Viral Pneumonia-413.png,Viral Pneumonia-413.png
Viral Pneumonia-586.png,Viral Pneumonia-586.png
Lung_Opacity-465.png,Lung_Opacity-465.png
COVID-370.png,COVID-370.png
Lung_Opacity-417.png,Lung_Opacity-417.png
COVID-591.png,COVID-591.png
COVID-588.png,COVID-588.png
Viral Pneumonia-217.png,Viral Pneumonia-217.png
Lung_Opacity-59.png,Lung_Opacity-59.png
COVID-267.png,COVID-267.png
COVID-337.png,COVID-337.png
Normal-378.png,Normal-378.png
Normal-450.png,Normal-450.png
Normal-466.png,Normal-466.png
Viral Pneumonia-124.png,Viral Pneumonia-124.png
Viral Pneumonia-317.png,Viral Pneumonia-317.png
Viral Pneumonia-136.png,Viral Pneumonia-136.png
Normal-492.png,Normal-492.png
Lung_Opacity-680.png,Lung_Opacity-680.png
Viral Pneumonia-246.png,Viral Pneumonia-246.png
COVID-212.png,COVID-212.png
Viral Pneumonia-206.png,Viral Pneumonia-206.png
Lung_Opacity-433.png,Lung_Opacity-433.png
Normal-592.png,Normal-592.png
COVID-506.png,COVID-506.png
Viral Pneumonia-8.png,Viral Pneumonia-8.png
Normal-431.png,Normal-431.png
COVID-439.png,COVID-439.png
Lung_Opacity-521.png,Lung_Opacity-521.png
Normal-267.png,Normal-267.png
Viral Pneumonia-550.png,Viral Pneumonia-550.png
Lung_Opacity-140.png,Lung_Opacity-140.png
Viral Pneumonia-481.png,Viral Pneumonia-481.png
COVID-207.png,COVID-207.png
COVID-211.png,COVID-211.png
Viral Pneumonia-543.png,Viral Pneumonia-543.png
COVID-10.png,COVID-10.png
Viral Pneumonia-534.png,Viral Pneumonia-534.png
Lung_Opacity-453.png,Lung_Opacity-453.png
Normal-12.png,Normal-12.png
Viral Pneumonia-15.png,Viral Pneumonia-15.png
Lung_Opacity-531.png,Lung_Opacity-531.png
Normal-174.png,Normal-174.png
COVID-74.png,COVID-74.png
Viral Pneumonia-178.png,Viral Pneumonia-178.png
Viral Pneumonia-532.png,Viral Pneumonia-532.png
Viral Pneumonia-665.png,Viral Pneumonia-665.png
Viral Pneumonia-608.png,Viral Pneumonia-608.png
Normal-58.png,Normal-58.png
COVID-274.png,COVID-274.png
COVID-524.png,COVID-524.png
COVID-386.png,COVID-386.png
Viral Pneumonia-409.png,Viral Pneumonia-409.png
Normal-62.png,Normal-62.png
Normal-287.png,Normal-287.png
Viral Pneumonia-177.png,Viral Pneumonia-177.png
Lung_Opacity-642.png,Lung_Opacity-642.png
COVID-96.png,COVID-96.png
Lung_Opacity-686.png,Lung_Opacity-686.png
Normal-59.png,Normal-59.png
Viral Pneumonia-193.png,Viral Pneumonia-193.png
Normal-201.png,Normal-201.png
COVID-472.png,COVID-472.png
Viral Pneumonia-415.png,Viral Pneumonia-415.png
Normal-87.png,Normal-87.png
Lung_Opacity-422.png,Lung_Opacity-422.png
Lung_Opacity-623.png,Lung_Opacity-623.png
Normal-88.png,Normal-88.png
Viral Pneumonia-248.png,Viral Pneumonia-248.png
Viral Pneumonia-404.png,Viral Pneumonia-404.png
Lung_Opacity-333.png,Lung_Opacity-333.png
Viral Pneumonia-548.png,Viral Pneumonia-548.png
COVID-68.png,COVID-68.png
Normal-521.png,Normal-521.png
COVID-12.png,COVID-12.png
Viral Pneumonia-669.png,Viral Pneumonia-669.png
Lung_Opacity-436.png,Lung_Opacity-436.png
COVID-60.png,COVID-60.png
Normal-208.png,Normal-208.png
Viral Pneumonia-19.png,Viral Pneumonia-19.png
COVID-366.png,COVID-366.png
Viral Pneumonia-371.png,Viral Pneumonia-371.png
Normal-584.png,Normal-584.png
COVID-607.png,COVID-607.png
COVID-441.png,COVID-441.png
Lung_Opacity-318.png,Lung_Opacity-318.png
Lung_Opacity-214.png,Lung_Opacity-214.png
Normal-460.png,Normal-460.png
Normal-455.png,Normal-455.png
Viral Pneumonia-151.png,Viral Pneumonia-151.png
COVID-257.png,COVID-257.png
Normal-503.png,Normal-503.png
Normal-161.png,Normal-161.png
Viral Pneumonia-472.png,Viral Pneumonia-472.png
Viral Pneumonia-23.png,Viral Pneumonia-23.png
Viral Pneumonia-519.png,Viral Pneumonia-519.png
Lung_Opacity-523.png,Lung_Opacity-523.png
Lung_Opacity-568.png,Lung_Opacity-568.png
COVID-218.png,COVID-218.png
COVID-483.png,COVID-483.png
Normal-494.png,Normal-494.png
Lung_Opacity-92.png,Lung_Opacity-92.png
Normal-474.png,Normal-474.png
COVID-451.png,COVID-451.png
Normal-121.png,Normal-121.png
Lung_Opacity-305.png,Lung_Opacity-305.png
Viral Pneumonia-288.png,Viral Pneumonia-288.png
Normal-510.png,Normal-510.png
COVID-258.png,COVID-258.png
Lung_Opacity-481.png,Lung_Opacity-481.png
COVID-150.png,COVID-150.png
Lung_Opacity-427.png,Lung_Opacity-427.png
Lung_Opacity-70.png,Lung_Opacity-70.png
COVID-67.png,COVID-67.png
COVID-28.png,COVID-28.png
Normal-356.png,Normal-356.png
Lung_Opacity-37.png,Lung_Opacity-37.png
COVID-307.png,COVID-307.png
Normal-207.png,Normal-207.png
Lung_Opacity-407.png,Lung_Opacity-407.png
Lung_Opacity-117.png,Lung_Opacity-117.png
Viral Pneumonia-425.png,Viral Pneumonia-425.png
COVID-465.png,COVID-465.png
COVID-136.png,COVID-136.png
Normal-126.png,Normal-126.png
Lung_Opacity-495.png,Lung_Opacity-495.png
Viral Pneumonia-71.png,Viral Pneumonia-71.png
Viral Pneumonia-118.png,Viral Pneumonia-118.png
COVID-221.png,COVID-221.png
Viral Pneumonia-179.png,Viral Pneumonia-179.png
Normal-141.png,Normal-141.png
Viral Pneumonia-135.png,Viral Pneumonia-135.png
Lung_Opacity-647.png,Lung_Opacity-647.png
Normal-626.png,Normal-626.png
COVID-108.png,COVID-108.png
COVID-362.png,COVID-362.png
Viral Pneumonia-435.png,Viral Pneumonia-435.png
Normal-649.png,Normal-649.png
Viral Pneumonia-530.png,Viral Pneumonia-530.png
Viral Pneumonia-594.png,Viral Pneumonia-594.png
Viral Pneumonia-91.png,Viral Pneumonia-91.png
Viral Pneumonia-505.png,Viral Pneumonia-505.png
Viral Pneumonia-309.png,Viral Pneumonia-309.png
Viral Pneumonia-541.png,Viral Pneumonia-541.png
Viral Pneumonia-222.png,Viral Pneumonia-222.png
COVID-172.png,COVID-172.png
Lung_Opacity-649.png,Lung_Opacity-649.png
COVID-578.png,COVID-578.png
Viral Pneumonia-611.png,Viral Pneumonia-611.png
Viral Pneumonia-334.png,Viral Pneumonia-334.png
Lung_Opacity-390.png,Lung_Opacity-390.png
Normal-203.png,Normal-203.png
Lung_Opacity-408.png,Lung_Opacity-408.png
Normal-398.png,Normal-398.png
Viral Pneumonia-674.png,Viral Pneumonia-674.png
Lung_Opacity-674.png,Lung_Opacity-674.png
Viral Pneumonia-576.png,Viral Pneumonia-576.png
COVID-43.png,COVID-43.png
COVID-443.png,COVID-443.png
Viral Pneumonia-216.png,Viral Pneumonia-216.png
Viral Pneumonia-233.png,Viral Pneumonia-233.png
Lung_Opacity-377.png,Lung_Opacity-377.png
Viral Pneumonia-626.png,Viral Pneumonia-626.png
Normal-605.png,Normal-605.png
COVID-45.png,COVID-45.png
COVID-281.png,COVID-281.png
Viral Pneumonia-424.png,Viral Pneumonia-424.png
Viral Pneumonia-554.png,Viral Pneumonia-554.png
COVID-509.png,COVID-509.png
COVID-601.png,COVID-601.png
Normal-428.png,Normal-428.png
Normal-501.png,Normal-501.png
Viral Pneumonia-326.png,Viral Pneumonia-326.png
Lung_Opacity-378.png,Lung_Opacity-378.png
Viral Pneumonia-683.png,Viral Pneumonia-683.png
Lung_Opacity-21.png,Lung_Opacity-21.png
Normal-389.png,Normal-389.png
Lung_Opacity-23.png,Lung_Opacity-23.png
Viral Pneumonia-98.png,Viral Pneumonia-98.png
Normal-528.png,Normal-528.png
Normal-246.png,Normal-246.png
Viral Pneumonia-199.png,Viral Pneumonia-199.png
Lung_Opacity-394.png,Lung_Opacity-394.png
Viral Pneumonia-557.png,Viral Pneumonia-557.png
Viral Pneumonia-479.png,Viral Pneumonia-479.png
COVID-75.png,COVID-75.png
COVID-301.png,COVID-301.png
Viral Pneumonia-66.png,Viral Pneumonia-66.png
Viral Pneumonia-555.png,Viral Pneumonia-555.png
Viral Pneumonia-630.png,Viral Pneumonia-630.png
Viral Pneumonia-155.png,Viral Pneumonia-155.png
COVID-185.png,COVID-185.png
Lung_Opacity-397.png,Lung_Opacity-397.png
Lung_Opacity-270.png,Lung_Opacity-270.png
Lung_Opacity-62.png,Lung_Opacity-62.png
Normal-469.png,Normal-469.png
Lung_Opacity-493.png,Lung_Opacity-493.png
Viral Pneumonia-374.png,Viral Pneumonia-374.png
COVID-399.png,COVID-399.png
Normal-560.png,Normal-560.png
Viral Pneumonia-194.png,Viral Pneumonia-194.png
Viral Pneumonia-521.png,Viral Pneumonia-521.png
Lung_Opacity-183.png,Lung_Opacity-183.png
Viral Pneumonia-507.png,Viral Pneumonia-507.png
Normal-437.png,Normal-437.png
Normal-399.png,Normal-399.png
COVID-317.png,COVID-317.png
Viral Pneumonia-6.png,Viral Pneumonia-6.png
Viral Pneumonia-174.png,Viral Pneumonia-174.png
Lung_Opacity-641.png,Lung_Opacity-641.png
Viral Pneumonia-277.png,Viral Pneumonia-277.png
COVID-602.png,COVID-602.png
COVID-510.png,COVID-510.png
Normal-284.png,Normal-284.png
COVID-270.png,COVID-270.png
Normal-104.png,Normal-104.png
Viral Pneumonia-436.png,Viral Pneumonia-436.png
Normal-209.png,Normal-209.png
Lung_Opacity-200.png,Lung_Opacity-200.png
Normal-236.png,Normal-236.png
Viral Pneumonia-68.png,Viral Pneumonia-68.png
Lung_Opacity-602.png,Lung_Opacity-602.png
Lung_Opacity-274.png,Lung_Opacity-274.png
Lung_Opacity-127.png,Lung_Opacity-127.png
Normal-110.png,Normal-110.png
COVID-497.png,COVID-497.png
COVID-190.png,COVID-190.png
Lung_Opacity-212.png,Lung_Opacity-212.png
COVID-31.png,COVID-31.png
Lung_Opacity-460.png,Lung_Opacity-460.png
COVID-639.png,COVID-639.png
Lung_Opacity-356.png,Lung_Opacity-356.png
Lung_Opacity-371.png,Lung_Opacity-371.png
Lung_Opacity-130.png,Lung_Opacity-130.png
Normal-224.png,Normal-224.png
Normal-361.png,Normal-361.png
Lung_Opacity-669.png,Lung_Opacity-669.png
COVID-243.png,COVID-243.png
Viral Pneumonia-300.png,Viral Pneumonia-300.png
Viral Pneumonia-419.png,Viral Pneumonia-419.png
Lung_Opacity-124.png,Lung_Opacity-124.png
COVID-417.png,COVID-417.png
Lung_Opacity-202.png,Lung_Opacity-202.png
COVID-586.png,COVID-586.png
Normal-602.png,Normal-602.png
Viral Pneumonia-21.png,Viral Pneumonia-21.png
Lung_Opacity-501.png,Lung_Opacity-501.png
Normal-406.png,Normal-406.png
COVID-535.png,COVID-535.png
Lung_Opacity-327.png,Lung_Opacity-327.png
COVID-494.png,COVID-494.png
Normal-577.png,Normal-577.png
Normal-556.png,Normal-556.png
Normal-388.png,Normal-388.png
COVID-20.png,COVID-20.png
Viral Pneumonia-581.png,Viral Pneumonia-581.png
Normal-291.png,Normal-291.png
Viral Pneumonia-441.png,Viral Pneumonia-441.png
Normal-672.png,Normal-672.png
Normal-94.png,Normal-94.png
Viral Pneumonia-499.png,Viral Pneumonia-499.png
Normal-635.png,Normal-635.png
Normal-670.png,Normal-670.png
Lung_Opacity-260.png,Lung_Opacity-260.png
Lung_Opacity-102.png,Lung_Opacity-102.png
COVID-375.png,COVID-375.png
COVID-371.png,COVID-371.png
Normal-252.png,Normal-252.png
Viral Pneumonia-660.png,Viral Pneumonia-660.png
Normal-177.png,Normal-177.png
Lung_Opacity-7.png,Lung_Opacity-7.png
Viral Pneumonia-582.png,Viral Pneumonia-582.png
Normal-634.png,Normal-634.png
Lung_Opacity-27.png,Lung_Opacity-27.png
Normal-9.png,Normal-9.png
Lung_Opacity-28.png,Lung_Opacity-28.png
Lung_Opacity-410.png,Lung_Opacity-410.png
Viral Pneumonia-63.png,Viral Pneumonia-63.png
Normal-247.png,Normal-247.png
COVID-401.png,COVID-401.png
COVID-373.png,COVID-373.png
COVID-248.png,COVID-248.png
Lung_Opacity-45.png,Lung_Opacity-45.png
Lung_Opacity-666.png,Lung_Opacity-666.png
Normal-557.png,Normal-557.png
Viral Pneumonia-330.png,Viral Pneumonia-330.png
Viral Pneumonia-496.png,Viral Pneumonia-496.png
Lung_Opacity-223.png,Lung_Opacity-223.png
Viral Pneumonia-120.png,Viral Pneumonia-120.png
Normal-497.png,Normal-497.png
Normal-321.png,Normal-321.png
Viral Pneumonia-195.png,Viral Pneumonia-195.png
Normal-348.png,Normal-348.png
Normal-499.png,Normal-499.png
COVID-641.png,COVID-641.png
Viral Pneumonia-331.png,Viral Pneumonia-331.png
Normal-73.png,Normal-73.png
Lung_Opacity-352.png,Lung_Opacity-352.png
Lung_Opacity-553.png,Lung_Opacity-553.png
COVID-648.png,COVID-648.png
Viral Pneumonia-141.png,Viral Pneumonia-141.png
COVID-7.png,COVID-7.png
Viral Pneumonia-615.png,Viral Pneumonia-615.png
Normal-305.png,Normal-305.png
COVID-630.png,COVID-630.png
Viral Pneumonia-3.png,Viral Pneumonia-3.png
Lung_Opacity-287.png,Lung_Opacity-287.png
Normal-171.png,Normal-171.png
COVID-308.png,COVID-308.png
COVID-13.png,COVID-13.png
COVID-503.png,COVID-503.png
Viral Pneumonia-684.png,Viral Pneumonia-684.png
Viral Pneumonia-9.png,Viral Pneumonia-9.png
COVID-436.png,COVID-436.png
Lung_Opacity-595.png,Lung_Opacity-595.png
Normal-278.png,Normal-278.png
Viral Pneumonia-303.png,Viral Pneumonia-303.png
Normal-377.png,Normal-377.png
Lung_Opacity-29.png,Lung_Opacity-29.png
Normal-53.png,Normal-53.png
COVID-42.png,COVID-42.png
Normal-424.png,Normal-424.png
COVID-467.png,COVID-467.png
Normal-357.png,Normal-357.png
Normal-120.png,Normal-120.png
Viral Pneumonia-476.png,Viral Pneumonia-476.png
Normal-118.png,Normal-118.png
Normal-606.png,Normal-606.png
Normal-69.png,Normal-69.png
Normal-417.png,Normal-417.png
Viral Pneumonia-272.png,Viral Pneumonia-272.png
Lung_Opacity-280.png,Lung_Opacity-280.png
Lung_Opacity-630.png,Lung_Opacity-630.png
Normal-353.png,Normal-353.png
Viral Pneumonia-38.png,Viral Pneumonia-38.png
COVID-411.png,COVID-411.png
Normal-145.png,Normal-145.png
COVID-624.png,COVID-624.png
Normal-5.png,Normal-5.png
Lung_Opacity-535.png,Lung_Opacity-535.png
Lung_Opacity-578.png,Lung_Opacity-578.png
Normal-607.png,Normal-607.png
Normal-393.png,Normal-393.png
Viral Pneumonia-185.png,Viral Pneumonia-185.png
Lung_Opacity-134.png,Lung_Opacity-134.png
Lung_Opacity-431.png,Lung_Opacity-431.png
COVID-162.png,COVID-162.png
COVID-406.png,COVID-406.png
COVID-397.png,COVID-397.png
Viral Pneumonia-430.png,Viral Pneumonia-430.png
Normal-646.png,Normal-646.png
COVID-273.png,COVID-273.png
Normal-359.png,Normal-359.png
Viral Pneumonia-556.png,Viral Pneumonia-556.png
COVID-666.png,COVID-666.png
Viral Pneumonia-398.png,Viral Pneumonia-398.png
Normal-320.png,Normal-320.png
Viral Pneumonia-238.png,Viral Pneumonia-238.png
COVID-476.png,COVID-476.png
Normal-100.png,Normal-100.png
COVID-640.png,COVID-640.png
COVID-286.png,COVID-286.png
COVID-184.png,COVID-184.png
COVID-220.png,COVID-220.png
Lung_Opacity-89.png,Lung_Opacity-89.png
COVID-626.png,COVID-626.png
Lung_Opacity-444.png,Lung_Opacity-444.png
COVID-645.png,COVID-645.png
Normal-367.png,Normal-367.png
COVID-435.png,COVID-435.png
COVID-550.png,COVID-550.png
COVID-81.png,COVID-81.png
Normal-451.png,Normal-451.png
Lung_Opacity-292.png,Lung_Opacity-292.png
Viral Pneumonia-323.png,Viral Pneumonia-323.png
Lung_Opacity-580.png,Lung_Opacity-580.png
Viral Pneumonia-186.png,Viral Pneumonia-186.png
Lung_Opacity-115.png,Lung_Opacity-115.png
Lung_Opacity-299.png,Lung_Opacity-299.png
Lung_Opacity-485.png,Lung_Opacity-485.png
COVID-546.png,COVID-546.png
Normal-155.png,Normal-155.png
COVID-514.png,COVID-514.png
COVID-563.png,COVID-563.png
Normal-615.png,Normal-615.png
Viral Pneumonia-612.png,Viral Pneumonia-612.png
Viral Pneumonia-349.png,Viral Pneumonia-349.png
COVID-603.png,COVID-603.png
Normal-520.png,Normal-520.png
Viral Pneumonia-128.png,Viral Pneumonia-128.png
COVID-519.png,COVID-519.png
Viral Pneumonia-503.png,Viral Pneumonia-503.png
Lung_Opacity-179.png,Lung_Opacity-179.png
Viral Pneumonia-14.png,Viral Pneumonia-14.png
COVID-594.png,COVID-594.png
Viral Pneumonia-643.png,Viral Pneumonia-643.png
Viral Pneumonia-685.png,Viral Pneumonia-685.png
COVID-661.png,COVID-661.png
Normal-493.png,Normal-493.png
Normal-315.png,Normal-315.png
COVID-237.png,COVID-237.png
COVID-113.png,COVID-113.png
Lung_Opacity-301.png,Lung_Opacity-301.png
Normal-581.png,Normal-581.png
Viral Pneumonia-418.png,Viral Pneumonia-418.png
Viral Pneumonia-589.png,Viral Pneumonia-589.png
Lung_Opacity-625.png,Lung_Opacity-625.png
Normal-677.png,Normal-677.png
Viral Pneumonia-448.png,Viral Pneumonia-448.png
Viral Pneumonia-523.png,Viral Pneumonia-523.png
COVID-357.png,COVID-357.png
Lung_Opacity-511.png,Lung_Opacity-511.png
Lung_Opacity-213.png,Lung_Opacity-213.png
Normal-650.png,Normal-650.png
Normal-27.png,Normal-27.png
Lung_Opacity-590.png,Lung_Opacity-590.png
Lung_Opacity-576.png,Lung_Opacity-576.png
Viral Pneumonia-640.png,Viral Pneumonia-640.png
