ISIC_0012086.jpg,ISIC_0012086_segmentation.png
ISIC_0012092.jpg,ISIC_0012092_segmentation.png
ISIC_0012095.jpg,ISIC_0012095_segmentation.png
ISIC_0012134.jpg,ISIC_0012134_segmentation.png
ISIC_0012136.jpg,ISIC_0012136_segmentation.png
ISIC_0012147.jpg,ISIC_0012147_segmentation.png
ISIC_0012149.jpg,ISIC_0012149_segmentation.png
ISIC_0012152.jpg,ISIC_0012152_segmentation.png
ISIC_0012178.jpg,ISIC_0012178_segmentation.png
ISIC_0012199.jpg,ISIC_0012199_segmentation.png
ISIC_0012207.jpg,ISIC_0012207_segmentation.png
ISIC_0012215.jpg,ISIC_0012215_segmentation.png
ISIC_0012216.jpg,ISIC_0012216_segmentation.png
ISIC_0012223.jpg,ISIC_0012223_segmentation.png
ISIC_0012240.jpg,ISIC_0012240_segmentation.png
ISIC_0012248.jpg,ISIC_0012248_segmentation.png
ISIC_0012258.jpg,ISIC_0012258_segmentation.png
ISIC_0012265.jpg,ISIC_0012265_segmentation.png
ISIC_0012266.jpg,ISIC_0012266_segmentation.png
ISIC_0012272.jpg,ISIC_0012272_segmentation.png
ISIC_0012273.jpg,ISIC_0012273_segmentation.png
ISIC_0012314.jpg,ISIC_0012314_segmentation.png
ISIC_0012323.jpg,ISIC_0012323_segmentation.png
ISIC_0012330.jpg,ISIC_0012330_segmentation.png
ISIC_0012356.jpg,ISIC_0012356_segmentation.png
ISIC_0012357.jpg,ISIC_0012357_segmentation.png
ISIC_0012358.jpg,ISIC_0012358_segmentation.png
ISIC_0012364.jpg,ISIC_0012364_segmentation.png
ISIC_0012369.jpg,ISIC_0012369_segmentation.png
ISIC_0012372.jpg,ISIC_0012372_segmentation.png
ISIC_0012375.jpg,ISIC_0012375_segmentation.png
ISIC_0012387.jpg,ISIC_0012387_segmentation.png
ISIC_0012388.jpg,ISIC_0012388_segmentation.png
ISIC_0012395.jpg,ISIC_0012395_segmentation.png
ISIC_0012414.jpg,ISIC_0012414_segmentation.png
ISIC_0012425.jpg,ISIC_0012425_segmentation.png
ISIC_0012428.jpg,ISIC_0012428_segmentation.png
ISIC_0012432.jpg,ISIC_0012432_segmentation.png
ISIC_0012447.jpg,ISIC_0012447_segmentation.png
ISIC_0012448.jpg,ISIC_0012448_segmentation.png
ISIC_0012484.jpg,ISIC_0012484_segmentation.png
ISIC_0012493.jpg,ISIC_0012493_segmentation.png
ISIC_0012510.jpg,ISIC_0012510_segmentation.png
ISIC_0012522.jpg,ISIC_0012522_segmentation.png
ISIC_0012537.jpg,ISIC_0012537_segmentation.png
ISIC_0012548.jpg,ISIC_0012548_segmentation.png
ISIC_0012551.jpg,ISIC_0012551_segmentation.png
ISIC_0012654.jpg,ISIC_0012654_segmentation.png
ISIC_0012656.jpg,ISIC_0012656_segmentation.png
ISIC_0012705.jpg,ISIC_0012705_segmentation.png
ISIC_0012708.jpg,ISIC_0012708_segmentation.png
ISIC_0012722.jpg,ISIC_0012722_segmentation.png
ISIC_0012757.jpg,ISIC_0012757_segmentation.png
ISIC_0012758.jpg,ISIC_0012758_segmentation.png
ISIC_0012786.jpg,ISIC_0012786_segmentation.png
ISIC_0012803.jpg,ISIC_0012803_segmentation.png
ISIC_0012836.jpg,ISIC_0012836_segmentation.png
ISIC_0012837.jpg,ISIC_0012837_segmentation.png
ISIC_0012848.jpg,ISIC_0012848_segmentation.png
ISIC_0012852.jpg,ISIC_0012852_segmentation.png
ISIC_0012903.jpg,ISIC_0012903_segmentation.png
ISIC_0012904.jpg,ISIC_0012904_segmentation.png
ISIC_0012928.jpg,ISIC_0012928_segmentation.png
ISIC_0012941.jpg,ISIC_0012941_segmentation.png
ISIC_0012955.jpg,ISIC_0012955_segmentation.png
ISIC_0012967.jpg,ISIC_0012967_segmentation.png
ISIC_0012974.jpg,ISIC_0012974_segmentation.png
ISIC_0012989.jpg,ISIC_0012989_segmentation.png
ISIC_0013030.jpg,ISIC_0013030_segmentation.png
ISIC_0013035.jpg,ISIC_0013035_segmentation.png
ISIC_0013045.jpg,ISIC_0013045_segmentation.png
ISIC_0013070.jpg,ISIC_0013070_segmentation.png
ISIC_0013072.jpg,ISIC_0013072_segmentation.png
ISIC_0013073.jpg,ISIC_0013073_segmentation.png
ISIC_0013085.jpg,ISIC_0013085_segmentation.png
ISIC_0013109.jpg,ISIC_0013109_segmentation.png
ISIC_0013159.jpg,ISIC_0013159_segmentation.png
ISIC_0013164.jpg,ISIC_0013164_segmentation.png
ISIC_0013169.jpg,ISIC_0013169_segmentation.png
ISIC_0013170.jpg,ISIC_0013170_segmentation.png
ISIC_0013176.jpg,ISIC_0013176_segmentation.png
ISIC_0013191.jpg,ISIC_0013191_segmentation.png
ISIC_0013203.jpg,ISIC_0013203_segmentation.png
ISIC_0013216.jpg,ISIC_0013216_segmentation.png
ISIC_0013226.jpg,ISIC_0013226_segmentation.png
ISIC_0013230.jpg,ISIC_0013230_segmentation.png
ISIC_0013242.jpg,ISIC_0013242_segmentation.png
ISIC_0013269.jpg,ISIC_0013269_segmentation.png
ISIC_0013270.jpg,ISIC_0013270_segmentation.png
ISIC_0013271.jpg,ISIC_0013271_segmentation.png
ISIC_0013277.jpg,ISIC_0013277_segmentation.png
ISIC_0013281.jpg,ISIC_0013281_segmentation.png
ISIC_0013291.jpg,ISIC_0013291_segmentation.png
ISIC_0013319.jpg,ISIC_0013319_segmentation.png
ISIC_0013321.jpg,ISIC_0013321_segmentation.png
ISIC_0013325.jpg,ISIC_0013325_segmentation.png
ISIC_0013374.jpg,ISIC_0013374_segmentation.png
ISIC_0013393.jpg,ISIC_0013393_segmentation.png
ISIC_0013399.jpg,ISIC_0013399_segmentation.png
ISIC_0013411.jpg,ISIC_0013411_segmentation.png
ISIC_0013414.jpg,ISIC_0013414_segmentation.png
ISIC_0013416.jpg,ISIC_0013416_segmentation.png
ISIC_0013455.jpg,ISIC_0013455_segmentation.png
ISIC_0013457.jpg,ISIC_0013457_segmentation.png
ISIC_0013459.jpg,ISIC_0013459_segmentation.png
ISIC_0013465.jpg,ISIC_0013465_segmentation.png
ISIC_0013472.jpg,ISIC_0013472_segmentation.png
ISIC_0013473.jpg,ISIC_0013473_segmentation.png
ISIC_0013511.jpg,ISIC_0013511_segmentation.png
ISIC_0013512.jpg,ISIC_0013512_segmentation.png
ISIC_0013529.jpg,ISIC_0013529_segmentation.png
ISIC_0013565.jpg,ISIC_0013565_segmentation.png
ISIC_0013577.jpg,ISIC_0013577_segmentation.png
ISIC_0013588.jpg,ISIC_0013588_segmentation.png
ISIC_0013600.jpg,ISIC_0013600_segmentation.png
ISIC_0013602.jpg,ISIC_0013602_segmentation.png
ISIC_0013615.jpg,ISIC_0013615_segmentation.png
ISIC_0013617.jpg,ISIC_0013617_segmentation.png
ISIC_0013636.jpg,ISIC_0013636_segmentation.png
ISIC_0013673.jpg,ISIC_0013673_segmentation.png
ISIC_0013678.jpg,ISIC_0013678_segmentation.png
ISIC_0013696.jpg,ISIC_0013696_segmentation.png
ISIC_0013708.jpg,ISIC_0013708_segmentation.png
ISIC_0013733.jpg,ISIC_0013733_segmentation.png
ISIC_0013738.jpg,ISIC_0013738_segmentation.png
ISIC_0013739.jpg,ISIC_0013739_segmentation.png
ISIC_0013764.jpg,ISIC_0013764_segmentation.png
ISIC_0013766.jpg,ISIC_0013766_segmentation.png
ISIC_0013767.jpg,ISIC_0013767_segmentation.png
ISIC_0013794.jpg,ISIC_0013794_segmentation.png
ISIC_0013809.jpg,ISIC_0013809_segmentation.png
ISIC_0013813.jpg,ISIC_0013813_segmentation.png
ISIC_0013814.jpg,ISIC_0013814_segmentation.png
ISIC_0013833.jpg,ISIC_0013833_segmentation.png
ISIC_0013842.jpg,ISIC_0013842_segmentation.png
ISIC_0013867.jpg,ISIC_0013867_segmentation.png
ISIC_0013891.jpg,ISIC_0013891_segmentation.png
ISIC_0013897.jpg,ISIC_0013897_segmentation.png
ISIC_0013908.jpg,ISIC_0013908_segmentation.png
ISIC_0013911.jpg,ISIC_0013911_segmentation.png
ISIC_0013917.jpg,ISIC_0013917_segmentation.png
ISIC_0013925.jpg,ISIC_0013925_segmentation.png
ISIC_0013948.jpg,ISIC_0013948_segmentation.png
ISIC_0013953.jpg,ISIC_0013953_segmentation.png
ISIC_0013966.jpg,ISIC_0013966_segmentation.png
ISIC_0013977.jpg,ISIC_0013977_segmentation.png
ISIC_0013987.jpg,ISIC_0013987_segmentation.png
ISIC_0013988.jpg,ISIC_0013988_segmentation.png
ISIC_0013998.jpg,ISIC_0013998_segmentation.png
ISIC_0014006.jpg,ISIC_0014006_segmentation.png
ISIC_0014027.jpg,ISIC_0014027_segmentation.png
ISIC_0014059.jpg,ISIC_0014059_segmentation.png
ISIC_0014077.jpg,ISIC_0014077_segmentation.png
ISIC_0014090.jpg,ISIC_0014090_segmentation.png
ISIC_0014103.jpg,ISIC_0014103_segmentation.png
ISIC_0014110.jpg,ISIC_0014110_segmentation.png
ISIC_0014117.jpg,ISIC_0014117_segmentation.png
ISIC_0014129.jpg,ISIC_0014129_segmentation.png
ISIC_0014148.jpg,ISIC_0014148_segmentation.png
ISIC_0014160.jpg,ISIC_0014160_segmentation.png
ISIC_0014177.jpg,ISIC_0014177_segmentation.png
ISIC_0014181.jpg,ISIC_0014181_segmentation.png
ISIC_0014186.jpg,ISIC_0014186_segmentation.png
ISIC_0014219.jpg,ISIC_0014219_segmentation.png
ISIC_0014221.jpg,ISIC_0014221_segmentation.png
ISIC_0014233.jpg,ISIC_0014233_segmentation.png
ISIC_0014251.jpg,ISIC_0014251_segmentation.png
ISIC_0014255.jpg,ISIC_0014255_segmentation.png
ISIC_0014270.jpg,ISIC_0014270_segmentation.png
ISIC_0014278.jpg,ISIC_0014278_segmentation.png
ISIC_0014284.jpg,ISIC_0014284_segmentation.png
ISIC_0014288.jpg,ISIC_0014288_segmentation.png
ISIC_0014319.jpg,ISIC_0014319_segmentation.png
ISIC_0014336.jpg,ISIC_0014336_segmentation.png
ISIC_0014349.jpg,ISIC_0014349_segmentation.png
ISIC_0014369.jpg,ISIC_0014369_segmentation.png
ISIC_0014386.jpg,ISIC_0014386_segmentation.png
ISIC_0014392.jpg,ISIC_0014392_segmentation.png
ISIC_0014409.jpg,ISIC_0014409_segmentation.png
ISIC_0014419.jpg,ISIC_0014419_segmentation.png
ISIC_0014423.jpg,ISIC_0014423_segmentation.png
ISIC_0014434.jpg,ISIC_0014434_segmentation.png
ISIC_0014454.jpg,ISIC_0014454_segmentation.png
ISIC_0014457.jpg,ISIC_0014457_segmentation.png
ISIC_0014470.jpg,ISIC_0014470_segmentation.png
ISIC_0014474.jpg,ISIC_0014474_segmentation.png
ISIC_0014478.jpg,ISIC_0014478_segmentation.png
ISIC_0014489.jpg,ISIC_0014489_segmentation.png
ISIC_0014500.jpg,ISIC_0014500_segmentation.png
ISIC_0014503.jpg,ISIC_0014503_segmentation.png
ISIC_0014506.jpg,ISIC_0014506_segmentation.png
ISIC_0014513.jpg,ISIC_0014513_segmentation.png
ISIC_0014541.jpg,ISIC_0014541_segmentation.png
ISIC_0014542.jpg,ISIC_0014542_segmentation.png
ISIC_0014546.jpg,ISIC_0014546_segmentation.png
ISIC_0014548.jpg,ISIC_0014548_segmentation.png
ISIC_0014559.jpg,ISIC_0014559_segmentation.png
ISIC_0014567.jpg,ISIC_0014567_segmentation.png
ISIC_0014574.jpg,ISIC_0014574_segmentation.png
ISIC_0014575.jpg,ISIC_0014575_segmentation.png
ISIC_0014586.jpg,ISIC_0014586_segmentation.png
ISIC_0014587.jpg,ISIC_0014587_segmentation.png
ISIC_0014588.jpg,ISIC_0014588_segmentation.png
ISIC_0014590.jpg,ISIC_0014590_segmentation.png
ISIC_0014600.jpg,ISIC_0014600_segmentation.png
ISIC_0014619.jpg,ISIC_0014619_segmentation.png
ISIC_0014626.jpg,ISIC_0014626_segmentation.png
ISIC_0014627.jpg,ISIC_0014627_segmentation.png
ISIC_0014629.jpg,ISIC_0014629_segmentation.png
ISIC_0014631.jpg,ISIC_0014631_segmentation.png
ISIC_0014634.jpg,ISIC_0014634_segmentation.png
ISIC_0014643.jpg,ISIC_0014643_segmentation.png
ISIC_0014644.jpg,ISIC_0014644_segmentation.png
ISIC_0014645.jpg,ISIC_0014645_segmentation.png
ISIC_0014647.jpg,ISIC_0014647_segmentation.png
ISIC_0014648.jpg,ISIC_0014648_segmentation.png
ISIC_0014649.jpg,ISIC_0014649_segmentation.png
ISIC_0014652.jpg,ISIC_0014652_segmentation.png
ISIC_0014653.jpg,ISIC_0014653_segmentation.png
ISIC_0014663.jpg,ISIC_0014663_segmentation.png
ISIC_0014666.jpg,ISIC_0014666_segmentation.png
ISIC_0014675.jpg,ISIC_0014675_segmentation.png
ISIC_0014677.jpg,ISIC_0014677_segmentation.png
ISIC_0014687.jpg,ISIC_0014687_segmentation.png
ISIC_0014693.jpg,ISIC_0014693_segmentation.png
ISIC_0014695.jpg,ISIC_0014695_segmentation.png
ISIC_0014697.jpg,ISIC_0014697_segmentation.png
ISIC_0014698.jpg,ISIC_0014698_segmentation.png
ISIC_0014703.jpg,ISIC_0014703_segmentation.png
ISIC_0014720.jpg,ISIC_0014720_segmentation.png
ISIC_0014725.jpg,ISIC_0014725_segmentation.png
ISIC_0014727.jpg,ISIC_0014727_segmentation.png
ISIC_0014728.jpg,ISIC_0014728_segmentation.png
ISIC_0014729.jpg,ISIC_0014729_segmentation.png
ISIC_0014740.jpg,ISIC_0014740_segmentation.png
ISIC_0014743.jpg,ISIC_0014743_segmentation.png
ISIC_0014746.jpg,ISIC_0014746_segmentation.png
ISIC_0014749.jpg,ISIC_0014749_segmentation.png
ISIC_0014753.jpg,ISIC_0014753_segmentation.png
ISIC_0014755.jpg,ISIC_0014755_segmentation.png
ISIC_0014765.jpg,ISIC_0014765_segmentation.png
ISIC_0014766.jpg,ISIC_0014766_segmentation.png
ISIC_0014768.jpg,ISIC_0014768_segmentation.png
ISIC_0014772.jpg,ISIC_0014772_segmentation.png
ISIC_0014773.jpg,ISIC_0014773_segmentation.png
ISIC_0014780.jpg,ISIC_0014780_segmentation.png
ISIC_0014784.jpg,ISIC_0014784_segmentation.png
ISIC_0014786.jpg,ISIC_0014786_segmentation.png
ISIC_0014787.jpg,ISIC_0014787_segmentation.png
ISIC_0014790.jpg,ISIC_0014790_segmentation.png
ISIC_0014792.jpg,ISIC_0014792_segmentation.png
ISIC_0014796.jpg,ISIC_0014796_segmentation.png
ISIC_0014798.jpg,ISIC_0014798_segmentation.png
ISIC_0014800.jpg,ISIC_0014800_segmentation.png
ISIC_0014807.jpg,ISIC_0014807_segmentation.png
ISIC_0014814.jpg,ISIC_0014814_segmentation.png
ISIC_0014815.jpg,ISIC_0014815_segmentation.png
ISIC_0014820.jpg,ISIC_0014820_segmentation.png
ISIC_0014822.jpg,ISIC_0014822_segmentation.png
ISIC_0014826.jpg,ISIC_0014826_segmentation.png
ISIC_0014833.jpg,ISIC_0014833_segmentation.png
ISIC_0014835.jpg,ISIC_0014835_segmentation.png
ISIC_0014844.jpg,ISIC_0014844_segmentation.png
ISIC_0014853.jpg,ISIC_0014853_segmentation.png
ISIC_0014854.jpg,ISIC_0014854_segmentation.png
ISIC_0014862.jpg,ISIC_0014862_segmentation.png
ISIC_0014863.jpg,ISIC_0014863_segmentation.png
ISIC_0014867.jpg,ISIC_0014867_segmentation.png
ISIC_0014868.jpg,ISIC_0014868_segmentation.png
ISIC_0014872.jpg,ISIC_0014872_segmentation.png
ISIC_0014876.jpg,ISIC_0014876_segmentation.png
ISIC_0014879.jpg,ISIC_0014879_segmentation.png
ISIC_0014883.jpg,ISIC_0014883_segmentation.png
ISIC_0014901.jpg,ISIC_0014901_segmentation.png
ISIC_0014907.jpg,ISIC_0014907_segmentation.png
ISIC_0014910.jpg,ISIC_0014910_segmentation.png
ISIC_0014912.jpg,ISIC_0014912_segmentation.png
ISIC_0014921.jpg,ISIC_0014921_segmentation.png
ISIC_0014927.jpg,ISIC_0014927_segmentation.png
ISIC_0014928.jpg,ISIC_0014928_segmentation.png
ISIC_0014932.jpg,ISIC_0014932_segmentation.png
ISIC_0014936.jpg,ISIC_0014936_segmentation.png
ISIC_0014938.jpg,ISIC_0014938_segmentation.png
ISIC_0014940.jpg,ISIC_0014940_segmentation.png
ISIC_0014941.jpg,ISIC_0014941_segmentation.png
ISIC_0014942.jpg,ISIC_0014942_segmentation.png
ISIC_0014943.jpg,ISIC_0014943_segmentation.png
ISIC_0014944.jpg,ISIC_0014944_segmentation.png
ISIC_0014947.jpg,ISIC_0014947_segmentation.png
ISIC_0014948.jpg,ISIC_0014948_segmentation.png
ISIC_0014949.jpg,ISIC_0014949_segmentation.png
ISIC_0014952.jpg,ISIC_0014952_segmentation.png
ISIC_0014955.jpg,ISIC_0014955_segmentation.png
ISIC_0014956.jpg,ISIC_0014956_segmentation.png
ISIC_0014957.jpg,ISIC_0014957_segmentation.png
ISIC_0014958.jpg,ISIC_0014958_segmentation.png
ISIC_0014959.jpg,ISIC_0014959_segmentation.png
ISIC_0014961.jpg,ISIC_0014961_segmentation.png
ISIC_0014962.jpg,ISIC_0014962_segmentation.png
ISIC_0014963.jpg,ISIC_0014963_segmentation.png
ISIC_0014964.jpg,ISIC_0014964_segmentation.png
ISIC_0014966.jpg,ISIC_0014966_segmentation.png
ISIC_0014968.jpg,ISIC_0014968_segmentation.png
ISIC_0014969.jpg,ISIC_0014969_segmentation.png
ISIC_0014973.jpg,ISIC_0014973_segmentation.png
ISIC_0014974.jpg,ISIC_0014974_segmentation.png
ISIC_0014977.jpg,ISIC_0014977_segmentation.png
ISIC_0014982.jpg,ISIC_0014982_segmentation.png
ISIC_0014992.jpg,ISIC_0014992_segmentation.png
ISIC_0014994.jpg,ISIC_0014994_segmentation.png
ISIC_0014998.jpg,ISIC_0014998_segmentation.png
ISIC_0015002.jpg,ISIC_0015002_segmentation.png
ISIC_0015003.jpg,ISIC_0015003_segmentation.png
ISIC_0015004.jpg,ISIC_0015004_segmentation.png
ISIC_0015007.jpg,ISIC_0015007_segmentation.png
ISIC_0015008.jpg,ISIC_0015008_segmentation.png
ISIC_0015009.jpg,ISIC_0015009_segmentation.png
ISIC_0015011.jpg,ISIC_0015011_segmentation.png
ISIC_0015013.jpg,ISIC_0015013_segmentation.png
ISIC_0015015.jpg,ISIC_0015015_segmentation.png
ISIC_0015016.jpg,ISIC_0015016_segmentation.png
ISIC_0015018.jpg,ISIC_0015018_segmentation.png
ISIC_0015019.jpg,ISIC_0015019_segmentation.png
ISIC_0015020.jpg,ISIC_0015020_segmentation.png
ISIC_0015021.jpg,ISIC_0015021_segmentation.png
ISIC_0015023.jpg,ISIC_0015023_segmentation.png
ISIC_0015026.jpg,ISIC_0015026_segmentation.png
ISIC_0015030.jpg,ISIC_0015030_segmentation.png
ISIC_0015031.jpg,ISIC_0015031_segmentation.png
ISIC_0015034.jpg,ISIC_0015034_segmentation.png
ISIC_0015035.jpg,ISIC_0015035_segmentation.png
ISIC_0015037.jpg,ISIC_0015037_segmentation.png
ISIC_0015040.jpg,ISIC_0015040_segmentation.png
ISIC_0015041.jpg,ISIC_0015041_segmentation.png
ISIC_0015046.jpg,ISIC_0015046_segmentation.png
ISIC_0015050.jpg,ISIC_0015050_segmentation.png
ISIC_0015051.jpg,ISIC_0015051_segmentation.png
ISIC_0015056.jpg,ISIC_0015056_segmentation.png
ISIC_0015057.jpg,ISIC_0015057_segmentation.png
ISIC_0015060.jpg,ISIC_0015060_segmentation.png
ISIC_0015064.jpg,ISIC_0015064_segmentation.png
ISIC_0015071.jpg,ISIC_0015071_segmentation.png
ISIC_0015078.jpg,ISIC_0015078_segmentation.png
ISIC_0015089.jpg,ISIC_0015089_segmentation.png
ISIC_0015102.jpg,ISIC_0015102_segmentation.png
ISIC_0015115.jpg,ISIC_0015115_segmentation.png
ISIC_0015118.jpg,ISIC_0015118_segmentation.png
ISIC_0015119.jpg,ISIC_0015119_segmentation.png
ISIC_0015125.jpg,ISIC_0015125_segmentation.png
ISIC_0015127.jpg,ISIC_0015127_segmentation.png
ISIC_0015129.jpg,ISIC_0015129_segmentation.png
ISIC_0015130.jpg,ISIC_0015130_segmentation.png
ISIC_0015132.jpg,ISIC_0015132_segmentation.png
ISIC_0015133.jpg,ISIC_0015133_segmentation.png
ISIC_0015136.jpg,ISIC_0015136_segmentation.png
ISIC_0015139.jpg,ISIC_0015139_segmentation.png
ISIC_0015140.jpg,ISIC_0015140_segmentation.png
ISIC_0015142.jpg,ISIC_0015142_segmentation.png
ISIC_0015146.jpg,ISIC_0015146_segmentation.png
ISIC_0015149.jpg,ISIC_0015149_segmentation.png
ISIC_0015150.jpg,ISIC_0015150_segmentation.png
ISIC_0015152.jpg,ISIC_0015152_segmentation.png
ISIC_0015155.jpg,ISIC_0015155_segmentation.png
ISIC_0015156.jpg,ISIC_0015156_segmentation.png
ISIC_0015157.jpg,ISIC_0015157_segmentation.png
ISIC_0015160.jpg,ISIC_0015160_segmentation.png
ISIC_0015161.jpg,ISIC_0015161_segmentation.png
ISIC_0015163.jpg,ISIC_0015163_segmentation.png
ISIC_0015167.jpg,ISIC_0015167_segmentation.png
ISIC_0015171.jpg,ISIC_0015171_segmentation.png
ISIC_0015173.jpg,ISIC_0015173_segmentation.png
ISIC_0015174.jpg,ISIC_0015174_segmentation.png
ISIC_0015175.jpg,ISIC_0015175_segmentation.png
ISIC_0015176.jpg,ISIC_0015176_segmentation.png
ISIC_0015179.jpg,ISIC_0015179_segmentation.png
ISIC_0015180.jpg,ISIC_0015180_segmentation.png
ISIC_0015184.jpg,ISIC_0015184_segmentation.png
ISIC_0015185.jpg,ISIC_0015185_segmentation.png
ISIC_0015193.jpg,ISIC_0015193_segmentation.png
ISIC_0015201.jpg,ISIC_0015201_segmentation.png
ISIC_0015202.jpg,ISIC_0015202_segmentation.png
ISIC_0015203.jpg,ISIC_0015203_segmentation.png
ISIC_0015206.jpg,ISIC_0015206_segmentation.png
ISIC_0015207.jpg,ISIC_0015207_segmentation.png
ISIC_0015208.jpg,ISIC_0015208_segmentation.png
ISIC_0015212.jpg,ISIC_0015212_segmentation.png
ISIC_0015215.jpg,ISIC_0015215_segmentation.png
ISIC_0015216.jpg,ISIC_0015216_segmentation.png
ISIC_0015217.jpg,ISIC_0015217_segmentation.png
ISIC_0015218.jpg,ISIC_0015218_segmentation.png
ISIC_0015223.jpg,ISIC_0015223_segmentation.png
ISIC_0015224.jpg,ISIC_0015224_segmentation.png
ISIC_0015226.jpg,ISIC_0015226_segmentation.png
ISIC_0015229.jpg,ISIC_0015229_segmentation.png
ISIC_0015232.jpg,ISIC_0015232_segmentation.png
ISIC_0015237.jpg,ISIC_0015237_segmentation.png
ISIC_0015241.jpg,ISIC_0015241_segmentation.png
ISIC_0015244.jpg,ISIC_0015244_segmentation.png
ISIC_0015245.jpg,ISIC_0015245_segmentation.png
ISIC_0015250.jpg,ISIC_0015250_segmentation.png
ISIC_0015251.jpg,ISIC_0015251_segmentation.png
ISIC_0015254.jpg,ISIC_0015254_segmentation.png
ISIC_0015255.jpg,ISIC_0015255_segmentation.png
ISIC_0015258.jpg,ISIC_0015258_segmentation.png
ISIC_0015264.jpg,ISIC_0015264_segmentation.png
ISIC_0015270.jpg,ISIC_0015270_segmentation.png
ISIC_0015273.jpg,ISIC_0015273_segmentation.png
ISIC_0015274.jpg,ISIC_0015274_segmentation.png
ISIC_0015276.jpg,ISIC_0015276_segmentation.png
ISIC_0015279.jpg,ISIC_0015279_segmentation.png
ISIC_0015283.jpg,ISIC_0015283_segmentation.png
ISIC_0015291.jpg,ISIC_0015291_segmentation.png
ISIC_0015293.jpg,ISIC_0015293_segmentation.png
ISIC_0015298.jpg,ISIC_0015298_segmentation.png
ISIC_0015309.jpg,ISIC_0015309_segmentation.png
ISIC_0015310.jpg,ISIC_0015310_segmentation.png
ISIC_0015311.jpg,ISIC_0015311_segmentation.png
ISIC_0015312.jpg,ISIC_0015312_segmentation.png
ISIC_0015330.jpg,ISIC_0015330_segmentation.png
ISIC_0015331.jpg,ISIC_0015331_segmentation.png
ISIC_0015347.jpg,ISIC_0015347_segmentation.png
ISIC_0015353.jpg,ISIC_0015353_segmentation.png
ISIC_0015355.jpg,ISIC_0015355_segmentation.png
ISIC_0015357.jpg,ISIC_0015357_segmentation.png
ISIC_0015360.jpg,ISIC_0015360_segmentation.png
ISIC_0015363.jpg,ISIC_0015363_segmentation.png
ISIC_0015364.jpg,ISIC_0015364_segmentation.png
ISIC_0015368.jpg,ISIC_0015368_segmentation.png
ISIC_0015369.jpg,ISIC_0015369_segmentation.png
ISIC_0015383.jpg,ISIC_0015383_segmentation.png
ISIC_0015386.jpg,ISIC_0015386_segmentation.png
ISIC_0015390.jpg,ISIC_0015390_segmentation.png
ISIC_0015395.jpg,ISIC_0015395_segmentation.png
ISIC_0015403.jpg,ISIC_0015403_segmentation.png
ISIC_0015404.jpg,ISIC_0015404_segmentation.png
ISIC_0015411.jpg,ISIC_0015411_segmentation.png
ISIC_0015412.jpg,ISIC_0015412_segmentation.png
ISIC_0015416.jpg,ISIC_0015416_segmentation.png
ISIC_0015417.jpg,ISIC_0015417_segmentation.png
ISIC_0015418.jpg,ISIC_0015418_segmentation.png
ISIC_0015419.jpg,ISIC_0015419_segmentation.png
ISIC_0015436.jpg,ISIC_0015436_segmentation.png
ISIC_0015440.jpg,ISIC_0015440_segmentation.png
ISIC_0015447.jpg,ISIC_0015447_segmentation.png
ISIC_0015455.jpg,ISIC_0015455_segmentation.png
ISIC_0015464.jpg,ISIC_0015464_segmentation.png
ISIC_0015466.jpg,ISIC_0015466_segmentation.png
ISIC_0015468.jpg,ISIC_0015468_segmentation.png
ISIC_0015476.jpg,ISIC_0015476_segmentation.png
ISIC_0015481.jpg,ISIC_0015481_segmentation.png
ISIC_0015482.jpg,ISIC_0015482_segmentation.png
ISIC_0015485.jpg,ISIC_0015485_segmentation.png
ISIC_0015510.jpg,ISIC_0015510_segmentation.png
ISIC_0015526.jpg,ISIC_0015526_segmentation.png
ISIC_0015537.jpg,ISIC_0015537_segmentation.png
ISIC_0015544.jpg,ISIC_0015544_segmentation.png
ISIC_0015559.jpg,ISIC_0015559_segmentation.png
ISIC_0015563.jpg,ISIC_0015563_segmentation.png
ISIC_0015566.jpg,ISIC_0015566_segmentation.png
ISIC_0015568.jpg,ISIC_0015568_segmentation.png
ISIC_0015582.jpg,ISIC_0015582_segmentation.png
ISIC_0015593.jpg,ISIC_0015593_segmentation.png
ISIC_0015603.jpg,ISIC_0015603_segmentation.png
ISIC_0015607.jpg,ISIC_0015607_segmentation.png
ISIC_0015614.jpg,ISIC_0015614_segmentation.png
ISIC_0015617.jpg,ISIC_0015617_segmentation.png
ISIC_0015625.jpg,ISIC_0015625_segmentation.png
ISIC_0015631.jpg,ISIC_0015631_segmentation.png
ISIC_0015636.jpg,ISIC_0015636_segmentation.png
ISIC_0015638.jpg,ISIC_0015638_segmentation.png
ISIC_0015641.jpg,ISIC_0015641_segmentation.png
ISIC_0015645.jpg,ISIC_0015645_segmentation.png
ISIC_0015936.jpg,ISIC_0015936_segmentation.png
ISIC_0015937.jpg,ISIC_0015937_segmentation.png
ISIC_0015938.jpg,ISIC_0015938_segmentation.png
ISIC_0015939.jpg,ISIC_0015939_segmentation.png
ISIC_0015940.jpg,ISIC_0015940_segmentation.png
ISIC_0015941.jpg,ISIC_0015941_segmentation.png
ISIC_0015942.jpg,ISIC_0015942_segmentation.png
ISIC_0015943.jpg,ISIC_0015943_segmentation.png
ISIC_0015944.jpg,ISIC_0015944_segmentation.png
ISIC_0015945.jpg,ISIC_0015945_segmentation.png
ISIC_0015946.jpg,ISIC_0015946_segmentation.png
ISIC_0015947.jpg,ISIC_0015947_segmentation.png
ISIC_0015948.jpg,ISIC_0015948_segmentation.png
ISIC_0015949.jpg,ISIC_0015949_segmentation.png
ISIC_0015950.jpg,ISIC_0015950_segmentation.png
ISIC_0015951.jpg,ISIC_0015951_segmentation.png
ISIC_0015952.jpg,ISIC_0015952_segmentation.png
ISIC_0015953.jpg,ISIC_0015953_segmentation.png
ISIC_0015954.jpg,ISIC_0015954_segmentation.png
ISIC_0015955.jpg,ISIC_0015955_segmentation.png
ISIC_0015956.jpg,ISIC_0015956_segmentation.png
ISIC_0015957.jpg,ISIC_0015957_segmentation.png
ISIC_0015958.jpg,ISIC_0015958_segmentation.png
ISIC_0015959.jpg,ISIC_0015959_segmentation.png
ISIC_0015960.jpg,ISIC_0015960_segmentation.png
ISIC_0015961.jpg,ISIC_0015961_segmentation.png
ISIC_0015962.jpg,ISIC_0015962_segmentation.png
ISIC_0015963.jpg,ISIC_0015963_segmentation.png
ISIC_0015964.jpg,ISIC_0015964_segmentation.png
ISIC_0015965.jpg,ISIC_0015965_segmentation.png
ISIC_0015966.jpg,ISIC_0015966_segmentation.png
ISIC_0015967.jpg,ISIC_0015967_segmentation.png
ISIC_0015968.jpg,ISIC_0015968_segmentation.png
ISIC_0015969.jpg,ISIC_0015969_segmentation.png
ISIC_0015971.jpg,ISIC_0015971_segmentation.png
ISIC_0015972.jpg,ISIC_0015972_segmentation.png
ISIC_0015973.jpg,ISIC_0015973_segmentation.png
ISIC_0015974.jpg,ISIC_0015974_segmentation.png
ISIC_0015975.jpg,ISIC_0015975_segmentation.png
ISIC_0015976.jpg,ISIC_0015976_segmentation.png
ISIC_0015978.jpg,ISIC_0015978_segmentation.png
ISIC_0015979.jpg,ISIC_0015979_segmentation.png
ISIC_0015980.jpg,ISIC_0015980_segmentation.png
ISIC_0015981.jpg,ISIC_0015981_segmentation.png
ISIC_0015982.jpg,ISIC_0015982_segmentation.png
ISIC_0015983.jpg,ISIC_0015983_segmentation.png
ISIC_0015984.jpg,ISIC_0015984_segmentation.png
ISIC_0015985.jpg,ISIC_0015985_segmentation.png
ISIC_0015986.jpg,ISIC_0015986_segmentation.png
ISIC_0015987.jpg,ISIC_0015987_segmentation.png
ISIC_0015988.jpg,ISIC_0015988_segmentation.png
ISIC_0015989.jpg,ISIC_0015989_segmentation.png
ISIC_0015990.jpg,ISIC_0015990_segmentation.png
ISIC_0015991.jpg,ISIC_0015991_segmentation.png
ISIC_0015992.jpg,ISIC_0015992_segmentation.png
ISIC_0015993.jpg,ISIC_0015993_segmentation.png
ISIC_0015994.jpg,ISIC_0015994_segmentation.png
ISIC_0015995.jpg,ISIC_0015995_segmentation.png
ISIC_0015996.jpg,ISIC_0015996_segmentation.png
ISIC_0015997.jpg,ISIC_0015997_segmentation.png
ISIC_0015998.jpg,ISIC_0015998_segmentation.png
ISIC_0015999.jpg,ISIC_0015999_segmentation.png
ISIC_0016000.jpg,ISIC_0016000_segmentation.png
ISIC_0016001.jpg,ISIC_0016001_segmentation.png
ISIC_0016002.jpg,ISIC_0016002_segmentation.png
ISIC_0016003.jpg,ISIC_0016003_segmentation.png
ISIC_0016004.jpg,ISIC_0016004_segmentation.png
ISIC_0016005.jpg,ISIC_0016005_segmentation.png
ISIC_0016006.jpg,ISIC_0016006_segmentation.png
ISIC_0016007.jpg,ISIC_0016007_segmentation.png
ISIC_0016008.jpg,ISIC_0016008_segmentation.png
ISIC_0016009.jpg,ISIC_0016009_segmentation.png
ISIC_0016011.jpg,ISIC_0016011_segmentation.png
ISIC_0016012.jpg,ISIC_0016012_segmentation.png
ISIC_0016013.jpg,ISIC_0016013_segmentation.png
ISIC_0016014.jpg,ISIC_0016014_segmentation.png
ISIC_0016015.jpg,ISIC_0016015_segmentation.png
ISIC_0016016.jpg,ISIC_0016016_segmentation.png
ISIC_0016017.jpg,ISIC_0016017_segmentation.png
ISIC_0016018.jpg,ISIC_0016018_segmentation.png
ISIC_0016019.jpg,ISIC_0016019_segmentation.png
ISIC_0016022.jpg,ISIC_0016022_segmentation.png
ISIC_0016023.jpg,ISIC_0016023_segmentation.png
ISIC_0016024.jpg,ISIC_0016024_segmentation.png
ISIC_0016025.jpg,ISIC_0016025_segmentation.png
ISIC_0016026.jpg,ISIC_0016026_segmentation.png
ISIC_0016027.jpg,ISIC_0016027_segmentation.png
ISIC_0016028.jpg,ISIC_0016028_segmentation.png
ISIC_0016029.jpg,ISIC_0016029_segmentation.png
ISIC_0016030.jpg,ISIC_0016030_segmentation.png
ISIC_0016031.jpg,ISIC_0016031_segmentation.png
ISIC_0016033.jpg,ISIC_0016033_segmentation.png
ISIC_0016034.jpg,ISIC_0016034_segmentation.png
ISIC_0016035.jpg,ISIC_0016035_segmentation.png
ISIC_0016036.jpg,ISIC_0016036_segmentation.png
ISIC_0016037.jpg,ISIC_0016037_segmentation.png
ISIC_0016038.jpg,ISIC_0016038_segmentation.png
ISIC_0016040.jpg,ISIC_0016040_segmentation.png
ISIC_0016041.jpg,ISIC_0016041_segmentation.png
ISIC_0016042.jpg,ISIC_0016042_segmentation.png
ISIC_0016043.jpg,ISIC_0016043_segmentation.png
ISIC_0016044.jpg,ISIC_0016044_segmentation.png
ISIC_0016045.jpg,ISIC_0016045_segmentation.png
ISIC_0016046.jpg,ISIC_0016046_segmentation.png
ISIC_0016048.jpg,ISIC_0016048_segmentation.png
ISIC_0016049.jpg,ISIC_0016049_segmentation.png
ISIC_0016050.jpg,ISIC_0016050_segmentation.png
ISIC_0016051.jpg,ISIC_0016051_segmentation.png
ISIC_0016052.jpg,ISIC_0016052_segmentation.png
ISIC_0016053.jpg,ISIC_0016053_segmentation.png
ISIC_0016054.jpg,ISIC_0016054_segmentation.png
ISIC_0016055.jpg,ISIC_0016055_segmentation.png
ISIC_0016056.jpg,ISIC_0016056_segmentation.png
ISIC_0016057.jpg,ISIC_0016057_segmentation.png
ISIC_0016058.jpg,ISIC_0016058_segmentation.png
ISIC_0016059.jpg,ISIC_0016059_segmentation.png
ISIC_0016060.jpg,ISIC_0016060_segmentation.png
ISIC_0016061.jpg,ISIC_0016061_segmentation.png
ISIC_0016062.jpg,ISIC_0016062_segmentation.png
ISIC_0016063.jpg,ISIC_0016063_segmentation.png
ISIC_0016064.jpg,ISIC_0016064_segmentation.png
ISIC_0016065.jpg,ISIC_0016065_segmentation.png
ISIC_0016066.jpg,ISIC_0016066_segmentation.png
ISIC_0016068.jpg,ISIC_0016068_segmentation.png
ISIC_0016069.jpg,ISIC_0016069_segmentation.png
ISIC_0016070.jpg,ISIC_0016070_segmentation.png
ISIC_0016071.jpg,ISIC_0016071_segmentation.png
ISIC_0016072.jpg,ISIC_0016072_segmentation.png
ISIC_0001769.jpg,ISIC_0001769_segmentation.png
ISIC_0001852.jpg,ISIC_0001852_segmentation.png
ISIC_0001871.jpg,ISIC_0001871_segmentation.png
ISIC_0003462.jpg,ISIC_0003462_segmentation.png
ISIC_0003539.jpg,ISIC_0003539_segmentation.png
ISIC_0003582.jpg,ISIC_0003582_segmentation.png
ISIC_0003657.jpg,ISIC_0003657_segmentation.png
ISIC_0003805.jpg,ISIC_0003805_segmentation.png
ISIC_0004337.jpg,ISIC_0004337_segmentation.png
ISIC_0006651.jpg,ISIC_0006651_segmentation.png
ISIC_0006671.jpg,ISIC_0006671_segmentation.png
ISIC_0006815.jpg,ISIC_0006815_segmentation.png
ISIC_0006914.jpg,ISIC_0006914_segmentation.png
ISIC_0007141.jpg,ISIC_0007141_segmentation.png
ISIC_0007156.jpg,ISIC_0007156_segmentation.png
ISIC_0007235.jpg,ISIC_0007235_segmentation.png
ISIC_0007241.jpg,ISIC_0007241_segmentation.png
ISIC_0007332.jpg,ISIC_0007332_segmentation.png
ISIC_0007344.jpg,ISIC_0007344_segmentation.png
ISIC_0007528.jpg,ISIC_0007528_segmentation.png
ISIC_0007796.jpg,ISIC_0007796_segmentation.png
ISIC_0008025.jpg,ISIC_0008025_segmentation.png
ISIC_0008524.jpg,ISIC_0008524_segmentation.png
ISIC_0009995.jpg,ISIC_0009995_segmentation.png
ISIC_0010459.jpg,ISIC_0010459_segmentation.png
ISIC_0012099.jpg,ISIC_0012099_segmentation.png
ISIC_0012109.jpg,ISIC_0012109_segmentation.png
ISIC_0012126.jpg,ISIC_0012126_segmentation.png
ISIC_0012127.jpg,ISIC_0012127_segmentation.png
ISIC_0012143.jpg,ISIC_0012143_segmentation.png
ISIC_0012151.jpg,ISIC_0012151_segmentation.png
ISIC_0012159.jpg,ISIC_0012159_segmentation.png
ISIC_0012160.jpg,ISIC_0012160_segmentation.png
ISIC_0012191.jpg,ISIC_0012191_segmentation.png
ISIC_0012201.jpg,ISIC_0012201_segmentation.png
ISIC_0012204.jpg,ISIC_0012204_segmentation.png
ISIC_0012206.jpg,ISIC_0012206_segmentation.png
ISIC_0012210.jpg,ISIC_0012210_segmentation.png
ISIC_0012221.jpg,ISIC_0012221_segmentation.png
ISIC_0012222.jpg,ISIC_0012222_segmentation.png
ISIC_0012254.jpg,ISIC_0012254_segmentation.png
ISIC_0012256.jpg,ISIC_0012256_segmentation.png
ISIC_0012288.jpg,ISIC_0012288_segmentation.png
ISIC_0012306.jpg,ISIC_0012306_segmentation.png
ISIC_0012313.jpg,ISIC_0012313_segmentation.png
ISIC_0012316.jpg,ISIC_0012316_segmentation.png
ISIC_0012335.jpg,ISIC_0012335_segmentation.png
ISIC_0012380.jpg,ISIC_0012380_segmentation.png
ISIC_0012383.jpg,ISIC_0012383_segmentation.png
ISIC_0012400.jpg,ISIC_0012400_segmentation.png
ISIC_0012417.jpg,ISIC_0012417_segmentation.png
ISIC_0012434.jpg,ISIC_0012434_segmentation.png
ISIC_0012492.jpg,ISIC_0012492_segmentation.png
ISIC_0012513.jpg,ISIC_0012513_segmentation.png
ISIC_0012538.jpg,ISIC_0012538_segmentation.png
ISIC_0012547.jpg,ISIC_0012547_segmentation.png
ISIC_0012660.jpg,ISIC_0012660_segmentation.png
ISIC_0012684.jpg,ISIC_0012684_segmentation.png
ISIC_0012720.jpg,ISIC_0012720_segmentation.png
ISIC_0012746.jpg,ISIC_0012746_segmentation.png
ISIC_0012876.jpg,ISIC_0012876_segmentation.png
ISIC_0012927.jpg,ISIC_0012927_segmentation.png
ISIC_0012956.jpg,ISIC_0012956_segmentation.png
ISIC_0012959.jpg,ISIC_0012959_segmentation.png
ISIC_0012965.jpg,ISIC_0012965_segmentation.png
ISIC_0013010.jpg,ISIC_0013010_segmentation.png
ISIC_0013082.jpg,ISIC_0013082_segmentation.png
ISIC_0013104.jpg,ISIC_0013104_segmentation.png
ISIC_0013127.jpg,ISIC_0013127_segmentation.png
ISIC_0013128.jpg,ISIC_0013128_segmentation.png
ISIC_0013132.jpg,ISIC_0013132_segmentation.png
ISIC_0013188.jpg,ISIC_0013188_segmentation.png
ISIC_0013215.jpg,ISIC_0013215_segmentation.png
ISIC_0013232.jpg,ISIC_0013232_segmentation.png
ISIC_0013421.jpg,ISIC_0013421_segmentation.png
ISIC_0013491.jpg,ISIC_0013491_segmentation.png
ISIC_0013501.jpg,ISIC_0013501_segmentation.png
ISIC_0013518.jpg,ISIC_0013518_segmentation.png
ISIC_0013527.jpg,ISIC_0013527_segmentation.png
ISIC_0013549.jpg,ISIC_0013549_segmentation.png
ISIC_0013561.jpg,ISIC_0013561_segmentation.png
ISIC_0013562.jpg,ISIC_0013562_segmentation.png
ISIC_0013632.jpg,ISIC_0013632_segmentation.png
ISIC_0013637.jpg,ISIC_0013637_segmentation.png
ISIC_0013644.jpg,ISIC_0013644_segmentation.png
ISIC_0013651.jpg,ISIC_0013651_segmentation.png
ISIC_0013663.jpg,ISIC_0013663_segmentation.png
ISIC_0013702.jpg,ISIC_0013702_segmentation.png
ISIC_0013736.jpg,ISIC_0013736_segmentation.png
ISIC_0013793.jpg,ISIC_0013793_segmentation.png
ISIC_0013828.jpg,ISIC_0013828_segmentation.png
ISIC_0013863.jpg,ISIC_0013863_segmentation.png
ISIC_0013898.jpg,ISIC_0013898_segmentation.png
ISIC_0013945.jpg,ISIC_0013945_segmentation.png
ISIC_0014037.jpg,ISIC_0014037_segmentation.png
ISIC_0014038.jpg,ISIC_0014038_segmentation.png
ISIC_0014055.jpg,ISIC_0014055_segmentation.png
ISIC_0014139.jpg,ISIC_0014139_segmentation.png
ISIC_0014162.jpg,ISIC_0014162_segmentation.png
ISIC_0014178.jpg,ISIC_0014178_segmentation.png
ISIC_0014211.jpg,ISIC_0014211_segmentation.png
ISIC_0014212.jpg,ISIC_0014212_segmentation.png
ISIC_0014217.jpg,ISIC_0014217_segmentation.png
ISIC_0014302.jpg,ISIC_0014302_segmentation.png
ISIC_0014310.jpg,ISIC_0014310_segmentation.png
ISIC_0014382.jpg,ISIC_0014382_segmentation.png
ISIC_0014428.jpg,ISIC_0014428_segmentation.png
ISIC_0014558.jpg,ISIC_0014558_segmentation.png
ISIC_0014568.jpg,ISIC_0014568_segmentation.png
ISIC_0014572.jpg,ISIC_0014572_segmentation.png
ISIC_0014597.jpg,ISIC_0014597_segmentation.png
ISIC_0014601.jpg,ISIC_0014601_segmentation.png
ISIC_0014608.jpg,ISIC_0014608_segmentation.png
ISIC_0014610.jpg,ISIC_0014610_segmentation.png
ISIC_0014611.jpg,ISIC_0014611_segmentation.png
ISIC_0014616.jpg,ISIC_0014616_segmentation.png
ISIC_0014618.jpg,ISIC_0014618_segmentation.png
ISIC_0014620.jpg,ISIC_0014620_segmentation.png
ISIC_0014623.jpg,ISIC_0014623_segmentation.png
ISIC_0014624.jpg,ISIC_0014624_segmentation.png
ISIC_0014633.jpg,ISIC_0014633_segmentation.png
ISIC_0014635.jpg,ISIC_0014635_segmentation.png
ISIC_0014637.jpg,ISIC_0014637_segmentation.png
ISIC_0014688.jpg,ISIC_0014688_segmentation.png
ISIC_0014712.jpg,ISIC_0014712_segmentation.png
ISIC_0014809.jpg,ISIC_0014809_segmentation.png
ISIC_0014829.jpg,ISIC_0014829_segmentation.png
ISIC_0014857.jpg,ISIC_0014857_segmentation.png
ISIC_0014931.jpg,ISIC_0014931_segmentation.png
ISIC_0014937.jpg,ISIC_0014937_segmentation.png
ISIC_0014945.jpg,ISIC_0014945_segmentation.png
ISIC_0014946.jpg,ISIC_0014946_segmentation.png
ISIC_0014979.jpg,ISIC_0014979_segmentation.png
ISIC_0014985.jpg,ISIC_0014985_segmentation.png
ISIC_0014989.jpg,ISIC_0014989_segmentation.png
ISIC_0015043.jpg,ISIC_0015043_segmentation.png
ISIC_0015062.jpg,ISIC_0015062_segmentation.png
ISIC_0015124.jpg,ISIC_0015124_segmentation.png
ISIC_0015144.jpg,ISIC_0015144_segmentation.png
ISIC_0015211.jpg,ISIC_0015211_segmentation.png
ISIC_0015243.jpg,ISIC_0015243_segmentation.png
ISIC_0015256.jpg,ISIC_0015256_segmentation.png
ISIC_0015313.jpg,ISIC_0015313_segmentation.png
ISIC_0015372.jpg,ISIC_0015372_segmentation.png
ISIC_0015401.jpg,ISIC_0015401_segmentation.png
ISIC_0015443.jpg,ISIC_0015443_segmentation.png
ISIC_0015445.jpg,ISIC_0015445_segmentation.png
ISIC_0015483.jpg,ISIC_0015483_segmentation.png
ISIC_0015496.jpg,ISIC_0015496_segmentation.png
ISIC_0015627.jpg,ISIC_0015627_segmentation.png
